Lectura regla,V. Acum.,Area,V. Parcial,Cota
6.99,0.00,14382.00,0.00,1122.00
7.00,145.00,14637.00,145.00,1122.00
7.01,293.00,14892.00,148.00,1122.00
7.02,443.00,15147.00,150.00,1122.00
7.03,596.00,15402.00,153.00,1122.00
7.04,751.00,15657.00,155.00,1122.00
7.05,909.00,15912.00,158.00,1122.00
7.06,1069.00,16167.00,160.00,1122.00
7.07,1232.00,16422.00,163.00,1122.00
7.08,1398.00,16677.00,165.00,1122.00
7.09,1566.00,16932.00,168.00,1122.00
7.10,1736.00,17187.00,171.00,1122.00
7.11,1909.00,17442.00,173.00,1122.00
7.12,2085.00,17697.00,176.00,1122.00
7.13,2263.00,17952.00,178.00,1122.00
7.14,2444.00,18207.00,181.00,1122.00
7.15,2628.00,18462.00,183.00,1122.00
7.16,2813.00,18717.00,186.00,1122.00
7.17,3002.00,18972.00,188.00,1122.00
7.18,3193.00,19226.00,191.00,1122.00
7.19,3386.00,19481.00,194.00,1122.00
7.20,3582.00,19736.00,196.00,1122.00
7.21,3781.00,19991.00,199.00,1122.00
7.22,3982.00,20246.00,201.00,1122.00
7.23,4186.00,20501.00,204.00,1122.00
7.24,4392.00,20756.00,206.00,1122.00
7.25,4601.00,21063.00,209.00,1122.00
7.26,4814.00,21369.00,212.00,1122.00
7.27,5029.00,21676.00,215.00,1122.00
7.28,5247.00,21982.00,218.00,1122.00
7.29,5468.00,22289.00,221.00,1122.00
7.30,5693.00,22595.00,224.00,1122.00
7.31,5920.00,22902.00,227.00,1122.00
7.32,6151.00,23208.00,231.00,1122.00
7.33,6385.00,23515.00,234.00,1122.00
7.34,6621.00,23821.00,237.00,1122.00
7.35,6861.00,24128.00,240.00,1122.00
7.36,7104.00,24435.00,243.00,1122.00
7.37,7350.00,24741.00,246.00,1122.00
7.38,7599.00,25048.00,249.00,1122.00
7.39,7851.00,25354.00,252.00,1122.00
7.40,8106.00,25661.00,255.00,1122.00
7.41,8364.00,25967.00,258.00,1122.00
7.42,8625.00,26274.00,261.00,1122.00
7.43,8889.00,26580.00,264.00,1122.00
7.44,9157.00,26887.00,267.00,1122.00
7.45,9427.00,27193.00,270.00,1122.00
7.46,9700.00,27500.00,273.00,1122.00
7.47,9977.00,27806.00,277.00,1122.00
7.48,10257.00,28113.00,280.00,1122.00
7.49,10539.00,28419.00,283.00,1122.00
7.50,10825.00,28777.00,286.00,1122.00
7.51,11115.00,29134.00,290.00,1122.00
7.52,11408.00,29492.00,293.00,1122.00
7.53,11705.00,29850.00,297.00,1122.00
7.54,12005.00,30207.00,300.00,1122.00
7.55,12309.00,30565.00,304.00,1122.00
7.56,12616.00,30922.00,307.00,1122.00
7.57,12927.00,31280.00,311.00,1122.00
7.58,13242.00,31637.00,315.00,1122.00
7.59,13560.00,31995.00,318.00,1122.00
7.60,13882.00,32352.00,322.00,1122.00
7.61,14207.00,32710.00,325.00,1122.00
7.62,14536.00,33067.00,329.00,1122.00
7.63,14868.00,33425.00,332.00,1122.00
7.64,15204.00,33783.00,336.00,1122.00
7.65,15544.00,34140.00,340.00,1122.00
7.66,15887.00,34498.00,343.00,1122.00
7.67,16234.00,34855.00,347.00,1122.00
7.68,16584.00,35213.00,350.00,1122.00
7.69,16938.00,35570.00,354.00,1122.00
7.70,17296.00,35928.00,357.00,1122.00
7.71,17657.00,36285.00,361.00,1122.00
7.72,18021.00,36643.00,365.00,1122.00
7.73,18390.00,37000.00,368.00,1122.00
7.74,18761.00,37358.00,372.00,1123.00
7.75,19141.00,38541.00,379.00,1123.00
7.76,19532.00,39723.00,391.00,1123.00
7.77,19935.00,40906.00,403.00,1123.00
7.78,20350.00,42089.00,415.00,1123.00
7.79,20777.00,43271.00,427.00,1123.00
7.80,21216.00,44454.00,439.00,1123.00
7.81,21666.00,45637.00,450.00,1123.00
7.82,22129.00,46820.00,462.00,1123.00
7.83,22603.00,48002.00,474.00,1123.00
7.84,23089.00,49185.00,486.00,1123.00
7.85,23586.00,50368.00,498.00,1123.00
7.86,24096.00,51550.00,510.00,1123.00
7.87,24617.00,52733.00,521.00,1123.00
7.88,25151.00,53916.00,533.00,1123.00
7.89,25696.00,55099.00,545.00,1123.00
7.90,26253.00,56281.00,557.00,1123.00
7.91,26821.00,57464.00,569.00,1123.00
7.92,27402.00,58647.00,581.00,1123.00
7.93,27994.00,59829.00,592.00,1123.00
7.94,28598.00,61012.00,604.00,1123.00
7.95,29214.00,62195.00,616.00,1123.00
7.96,29842.00,63378.00,628.00,1123.00
7.97,30482.00,64560.00,640.00,1123.00
7.98,31134.00,65743.00,652.00,1123.00
7.99,31797.00,66926.00,663.00,1123.00
8.00,32475.00,68710.00,678.00,1123.00
8.01,33171.00,70493.00,696.00,1123.00
8.02,33885.00,72277.00,714.00,1123.00
8.03,34617.00,74061.00,732.00,1123.00
8.04,35366.00,75845.00,750.00,1123.00
8.05,36134.00,77628.00,767.00,1123.00
8.06,36919.00,79412.00,785.00,1123.00
8.07,37722.00,81196.00,803.00,1123.00
8.08,38543.00,82980.00,821.00,1123.00
8.09,39381.00,84763.00,839.00,1123.00
8.10,40238.00,86547.00,857.00,1123.00
8.11,41112.00,88331.00,874.00,1123.00
8.12,42005.00,90115.00,892.00,1123.00
8.13,42915.00,91899.00,910.00,1123.00
8.14,43842.00,93682.00,928.00,1123.00
8.15,44788.00,95466.00,946.00,1123.00
8.16,45752.00,97250.00,964.00,1123.00
8.17,46733.00,99034.00,981.00,1123.00
8.18,47732.00,100817.00,999.00,1123.00
8.19,48750.00,102601.00,1017.00,1123.00
8.20,49785.00,104385.00,1035.00,1123.00
8.21,50837.00,106169.00,1053.00,1123.00
8.22,51908.00,107952.00,1071.00,1123.00
8.23,52996.00,109736.00,1088.00,1123.00
8.24,54103.00,111520.00,1106.00,1123.00
8.25,55229.00,113843.00,1127.00,1123.00
8.26,56379.00,116166.00,1150.00,1123.00
8.27,57553.00,118489.00,1173.00,1123.00
8.28,58749.00,120812.00,1197.00,1123.00
8.29,59969.00,123135.00,1220.00,1123.00
8.30,61212.00,125458.00,1243.00,1123.00
8.31,62478.00,127781.00,1266.00,1123.00
8.32,63768.00,130104.00,1289.00,1123.00
8.33,65080.00,132427.00,1313.00,1123.00
8.34,66416.00,134750.00,1336.00,1123.00
8.35,67775.00,137073.00,1359.00,1123.00
8.36,69158.00,139396.00,1382.00,1123.00
8.37,70563.00,141719.00,1406.00,1123.00
8.38,71992.00,144042.00,1429.00,1123.00
8.39,73444.00,146365.00,1452.00,1123.00
8.40,74919.00,148688.00,1475.00,1123.00
8.41,76418.00,151011.00,1498.00,1123.00
8.42,77939.00,153334.00,1522.00,1123.00
8.43,79484.00,155656.00,1545.00,1123.00
8.44,81053.00,157979.00,1568.00,1123.00
8.45,82644.00,160302.00,1591.00,1123.00
8.46,84259.00,162625.00,1615.00,1123.00
8.47,85896.00,164948.00,1638.00,1123.00
8.48,87558.00,167271.00,1661.00,1123.00
8.49,89242.00,169594.00,1684.00,1123.00
8.50,90952.00,172456.00,1710.00,1123.00
8.51,92691.00,175317.00,1739.00,1123.00
8.52,94458.00,178179.00,1767.00,1123.00
8.53,96255.00,181041.00,1796.00,1123.00
8.54,98079.00,183902.00,1825.00,1123.00
8.55,99933.00,186764.00,1853.00,1123.00
8.56,101815.00,189625.00,1882.00,1123.00
8.57,103725.00,192487.00,1911.00,1123.00
8.58,105664.00,195349.00,1939.00,1123.00
8.59,107632.00,198210.00,1968.00,1123.00
8.60,109629.00,201072.00,1996.00,1123.00
8.61,111654.00,203933.00,2025.00,1123.00
8.62,113707.00,206795.00,2054.00,1123.00
8.63,115789.00,209656.00,2082.00,1123.00
8.64,117900.00,212518.00,2111.00,1123.00
8.65,120040.00,215380.00,2139.00,1123.00
8.66,122208.00,218241.00,2168.00,1123.00
8.67,124405.00,221103.00,2197.00,1123.00
8.68,126630.00,223964.00,2225.00,1123.00
8.69,128884.00,226826.00,2254.00,1123.00
8.70,131166.00,229688.00,2283.00,1123.00
8.71,133478.00,232549.00,2311.00,1123.00
8.72,135817.00,235411.00,2340.00,1123.00
8.73,138186.00,238272.00,2368.00,1123.00
8.74,140583.00,241134.00,2397.00,1124.00
8.75,143008.00,243965.00,2425.00,1124.00
8.76,145462.00,246797.00,2454.00,1124.00
8.77,147944.00,249629.00,2482.00,1124.00
8.78,150455.00,252460.00,2510.00,1124.00
8.79,152994.00,255292.00,2539.00,1124.00
8.80,155561.00,258123.00,2567.00,1124.00
8.81,158156.00,260955.00,2595.00,1124.00
8.82,160780.00,263786.00,2624.00,1124.00
8.83,163432.00,266618.00,2652.00,1124.00
8.84,166112.00,269449.00,2680.00,1124.00
8.85,168821.00,272281.00,2709.00,1124.00
8.86,171558.00,275112.00,2737.00,1124.00
8.87,174323.00,277944.00,2765.00,1124.00
8.88,177117.00,280775.00,2794.00,1124.00
8.89,179938.00,283607.00,2822.00,1124.00
8.90,182789.00,286438.00,2850.00,1124.00
8.91,185667.00,289270.00,2879.00,1124.00
8.92,188574.00,292102.00,2907.00,1124.00
8.93,191509.00,294933.00,2935.00,1124.00
8.94,194473.00,297765.00,2963.00,1124.00
8.95,197465.00,300596.00,2992.00,1124.00
8.96,200485.00,303428.00,3020.00,1124.00
8.97,203533.00,306259.00,3048.00,1124.00
8.98,206610.00,309091.00,3077.00,1124.00
8.99,209715.00,311922.00,3105.00,1124.00
9.00,212848.00,314783.00,3134.00,1124.00
9.01,216011.00,317644.00,3162.00,1124.00
9.02,219201.00,320505.00,3191.00,1124.00
9.03,222421.00,323366.00,3219.00,1124.00
9.04,225669.00,326227.00,3248.00,1124.00
9.05,228945.00,329088.00,3277.00,1124.00
9.06,232250.00,331949.00,3305.00,1124.00
9.07,235584.00,334810.00,3334.00,1124.00
9.08,238947.00,337671.00,3362.00,1124.00
9.09,242338.00,340532.00,3391.00,1124.00
9.10,245757.00,343393.00,3420.00,1124.00
9.11,249206.00,346254.00,3448.00,1124.00
9.12,252682.00,349115.00,3477.00,1124.00
9.13,256188.00,351976.00,3505.00,1124.00
9.14,259722.00,354837.00,3534.00,1124.00
9.15,263285.00,357698.00,3563.00,1124.00
9.16,266876.00,360559.00,3591.00,1124.00
9.17,270496.00,363420.00,3620.00,1124.00
9.18,274144.00,366281.00,3649.00,1124.00
9.19,277821.00,369141.00,3677.00,1124.00
9.20,281527.00,372002.00,3706.00,1124.00
9.21,285261.00,374863.00,3734.00,1124.00
9.22,289024.00,377724.00,3763.00,1124.00
9.23,292816.00,380585.00,3792.00,1124.00
9.24,296636.00,383446.00,3820.00,1124.00
9.25,300490.00,387379.00,3854.00,1124.00
9.26,304384.00,391311.00,3893.00,1124.00
9.27,308316.00,395244.00,3933.00,1124.00
9.28,312288.00,399176.00,3972.00,1124.00
9.29,316300.00,403109.00,4011.00,1124.00
9.30,320351.00,407041.00,4051.00,1124.00
9.31,324441.00,410974.00,4090.00,1124.00
9.32,328570.00,414906.00,4129.00,1124.00
9.33,332739.00,418838.00,4169.00,1124.00
9.34,336947.00,422771.00,4208.00,1124.00
9.35,341194.00,426703.00,4247.00,1124.00
9.36,345481.00,430636.00,4287.00,1124.00
9.37,349807.00,434568.00,4326.00,1124.00
9.38,354172.00,438501.00,4365.00,1124.00
9.39,358577.00,442433.00,4405.00,1124.00
9.40,363021.00,446366.00,4444.00,1124.00
9.41,367504.00,450298.00,4483.00,1124.00
9.42,372027.00,454231.00,4523.00,1124.00
9.43,376589.00,458163.00,4562.00,1124.00
9.44,381190.00,462096.00,4601.00,1124.00
9.45,385831.00,466028.00,4641.00,1124.00
9.46,390511.00,469960.00,4680.00,1124.00
9.47,395230.00,473893.00,4719.00,1124.00
9.48,399989.00,477825.00,4759.00,1124.00
9.49,404787.00,481758.00,4798.00,1124.00
9.50,409629.00,486761.00,4843.00,1124.00
9.51,414522.00,491765.00,4893.00,1124.00
9.52,419464.00,496768.00,4943.00,1124.00
9.53,424457.00,501772.00,4993.00,1124.00
9.54,429500.00,506775.00,5043.00,1124.00
9.55,434593.00,511779.00,5093.00,1124.00
9.56,439735.00,516782.00,5143.00,1124.00
9.57,444928.00,521786.00,5193.00,1124.00
9.58,450171.00,526790.00,5243.00,1124.00
9.59,455464.00,531793.00,5293.00,1124.00
9.60,460807.00,536797.00,5343.00,1124.00
9.61,466200.00,541800.00,5393.00,1124.00
9.62,471643.00,546804.00,5443.00,1124.00
9.63,477136.00,551807.00,5493.00,1124.00
9.64,482679.00,556811.00,5543.00,1124.00
9.65,488272.00,561814.00,5593.00,1124.00
9.66,493915.00,566818.00,5643.00,1124.00
9.67,499609.00,571821.00,5693.00,1124.00
9.68,505352.00,576825.00,5743.00,1124.00
9.69,511145.00,581828.00,5793.00,1124.00
9.70,516988.00,586832.00,5843.00,1124.00
9.71,522882.00,591835.00,5893.00,1124.00
9.72,528825.00,596839.00,5943.00,1124.00
9.73,534819.00,601842.00,5993.00,1124.00
9.74,540862.00,606846.00,6043.00,1125.00
9.75,546955.00,611700.00,6093.00,1125.00
9.76,553096.00,616554.00,6141.00,1125.00
9.77,559286.00,621407.00,6190.00,1125.00
9.78,565524.00,626261.00,6238.00,1125.00
9.79,571811.00,631115.00,6287.00,1125.00
9.80,578146.00,635969.00,6335.00,1125.00
9.81,584530.00,640823.00,6384.00,1125.00
9.82,590963.00,645677.00,6432.00,1125.00
9.83,597444.00,650531.00,6481.00,1125.00
9.84,603974.00,655385.00,6530.00,1125.00
9.85,610552.00,660239.00,6578.00,1125.00
9.86,617178.00,665092.00,6627.00,1125.00
9.87,623853.00,669946.00,6675.00,1125.00
9.88,630577.00,674800.00,6724.00,1125.00
9.89,637349.00,679654.00,6772.00,1125.00
9.90,644170.00,684508.00,6821.00,1125.00
9.91,651040.00,689362.00,6869.00,1125.00
9.92,657958.00,694216.00,6918.00,1125.00
9.93,664924.00,699070.00,6966.00,1125.00
9.94,671939.00,703924.00,7015.00,1125.00
9.95,679002.00,708777.00,7064.00,1125.00
9.96,686114.00,713631.00,7112.00,1125.00
9.97,693275.00,718485.00,7161.00,1125.00
9.98,700484.00,723339.00,7209.00,1125.00
9.99,707742.00,728193.00,7258.00,1125.00
10.00,715037.00,730834.00,7295.00,1125.00
10.01,722359.00,733476.00,7322.00,1125.00
10.02,729707.00,736117.00,7348.00,1125.00
10.03,737081.00,738759.00,7374.00,1125.00
10.04,744482.00,741400.00,7401.00,1125.00
10.05,751909.00,744042.00,7427.00,1125.00
10.06,759363.00,746683.00,7454.00,1125.00
10.07,766843.00,749325.00,7480.00,1125.00
10.08,774349.00,751966.00,7506.00,1125.00
10.09,781882.00,754608.00,7533.00,1125.00
10.10,789441.00,757249.00,7559.00,1125.00
10.11,797027.00,759890.00,7586.00,1125.00
10.12,804639.00,762532.00,7612.00,1125.00
10.13,812277.00,765173.00,7639.00,1125.00
10.14,819942.00,767815.00,7665.00,1125.00
10.15,827634.00,770456.00,7691.00,1125.00
10.16,835352.00,773098.00,7718.00,1125.00
10.17,843096.00,775739.00,7744.00,1125.00
10.18,850866.00,778381.00,7771.00,1125.00
10.19,858663.00,781022.00,7797.00,1125.00
10.20,866487.00,783664.00,7823.00,1125.00
10.21,874337.00,786305.00,7850.00,1125.00
10.22,882213.00,788946.00,7876.00,1125.00
10.23,890116.00,791588.00,7903.00,1125.00
10.24,898045.00,794229.00,7929.00,1125.00
10.25,906000.00,796900.00,7956.00,1125.00
10.26,913983.00,799571.00,7982.00,1125.00
10.27,921992.00,802242.00,8009.00,1125.00
10.28,930027.00,804913.00,8036.00,1125.00
10.29,938090.00,807584.00,8062.00,1125.00
10.30,946179.00,810255.00,8089.00,1125.00
10.31,954295.00,812926.00,8116.00,1125.00
10.32,962438.00,815597.00,8143.00,1125.00
10.33,970607.00,818268.00,8169.00,1125.00
10.34,978803.00,820939.00,8196.00,1125.00
10.35,987026.00,823610.00,8223.00,1125.00
10.36,995275.00,826281.00,8249.00,1125.00
10.37,1003551.00,828952.00,8276.00,1125.00
10.38,1011854.00,831622.00,8303.00,1125.00
10.39,1020184.00,834293.00,8330.00,1125.00
10.40,1028540.00,836964.00,8356.00,1125.00
10.41,1036923.00,839635.00,8383.00,1125.00
10.42,1045333.00,842306.00,8410.00,1125.00
10.43,1053769.00,844977.00,8436.00,1125.00
10.44,1062232.00,847648.00,8463.00,1125.00
10.45,1070722.00,850319.00,8490.00,1125.00
10.46,1079239.00,852990.00,8517.00,1125.00
10.47,1087782.00,855661.00,8543.00,1125.00
10.48,1096352.00,858332.00,8570.00,1125.00
10.49,1104949.00,861003.00,8597.00,1125.00
10.50,1113572.00,863703.00,8624.00,1125.00
10.51,1122223.00,866404.00,8651.00,1125.00
10.52,1130900.00,869104.00,8678.00,1125.00
10.53,1139605.00,871805.00,8705.00,1125.00
10.54,1148336.00,874505.00,8732.00,1125.00
10.55,1157095.00,877206.00,8759.00,1125.00
10.56,1165880.00,879906.00,8786.00,1125.00
10.57,1174693.00,882607.00,8813.00,1125.00
10.58,1183533.00,885307.00,8840.00,1125.00
10.59,1192399.00,888007.00,8867.00,1125.00
10.60,1201293.00,890708.00,8894.00,1125.00
10.61,1210213.00,893408.00,8921.00,1125.00
10.62,1219161.00,896109.00,8948.00,1125.00
10.63,1228136.00,898809.00,8975.00,1125.00
10.64,1237137.00,901510.00,9002.00,1125.00
10.65,1246166.00,904210.00,9029.00,1125.00
10.66,1255221.00,906911.00,9056.00,1125.00
10.67,1264304.00,909611.00,9083.00,1125.00
10.68,1273414.00,912312.00,9110.00,1125.00
10.69,1282550.00,915012.00,9137.00,1125.00
10.70,1291714.00,917713.00,9164.00,1125.00
10.71,1300904.00,920413.00,9191.00,1125.00
10.72,1310122.00,923114.00,9218.00,1125.00
10.73,1319367.00,925814.00,9245.00,1125.00
10.74,1328638.00,928515.00,9272.00,1126.00
10.75,1337932.00,930186.00,9294.00,1126.00
10.76,1347242.00,931858.00,9310.00,1126.00
10.77,1356569.00,933530.00,9327.00,1126.00
10.78,1365913.00,935202.00,9344.00,1126.00
10.79,1375273.00,936874.00,9360.00,1126.00
10.80,1384650.00,938546.00,9377.00,1126.00
10.81,1394044.00,940218.00,9394.00,1126.00
10.82,1403455.00,941890.00,9411.00,1126.00
10.83,1412882.00,943562.00,9427.00,1126.00
10.84,1422326.00,945234.00,9444.00,1126.00
10.85,1431786.00,946906.00,9461.00,1126.00
10.86,1441264.00,948578.00,9477.00,1126.00
10.87,1450758.00,950250.00,9494.00,1126.00
10.88,1460269.00,951922.00,9511.00,1126.00
10.89,1469796.00,953594.00,9528.00,1126.00
10.90,1479341.00,955266.00,9544.00,1126.00
10.91,1488902.00,956938.00,9561.00,1126.00
10.92,1498480.00,958610.00,9578.00,1126.00
10.93,1508074.00,960282.00,9594.00,1126.00
10.94,1517685.00,961954.00,9611.00,1126.00
10.95,1527313.00,963626.00,9628.00,1126.00
10.96,1536958.00,965298.00,9645.00,1126.00
10.97,1546619.00,966970.00,9661.00,1126.00
10.98,1556297.00,968642.00,9678.00,1126.00
10.99,1565992.00,970314.00,9695.00,1126.00
11.00,1575701.00,971488.00,9709.00,1126.00
11.01,1585422.00,972662.00,9721.00,1126.00
11.02,1595154.00,973837.00,9732.00,1126.00
11.03,1604898.00,975011.00,9744.00,1126.00
11.04,1614654.00,976185.00,9756.00,1126.00
11.05,1624422.00,977360.00,9768.00,1126.00
11.06,1634202.00,978534.00,9779.00,1126.00
11.07,1643993.00,979708.00,9791.00,1126.00
11.08,1653796.00,980882.00,9803.00,1126.00
11.09,1663610.00,982057.00,9815.00,1126.00
11.10,1673437.00,983231.00,9826.00,1126.00
11.11,1683275.00,984405.00,9838.00,1126.00
11.12,1693125.00,985580.00,9850.00,1126.00
11.13,1702987.00,986754.00,9862.00,1126.00
11.14,1712860.00,987928.00,9873.00,1126.00
11.15,1722745.00,989102.00,9885.00,1126.00
11.16,1732642.00,990277.00,9897.00,1126.00
11.17,1742551.00,991451.00,9909.00,1126.00
11.18,1752471.00,992625.00,9920.00,1126.00
11.19,1762403.00,993799.00,9932.00,1126.00
11.20,1772347.00,994974.00,9944.00,1126.00
11.21,1782303.00,996148.00,9956.00,1126.00
11.22,1792270.00,997322.00,9967.00,1126.00
11.23,1802249.00,998497.00,9979.00,1126.00
11.24,1812240.00,999671.00,9991.00,1126.00
11.25,1822243.00,1000874.00,10003.00,1126.00
11.26,1832257.00,1002077.00,10015.00,1126.00
11.27,1842284.00,1003279.00,10027.00,1126.00
11.28,1852323.00,1004482.00,10039.00,1126.00
11.29,1862374.00,1005685.00,10051.00,1126.00
11.30,1872437.00,1006888.00,10063.00,1126.00
11.31,1882512.00,1008091.00,10075.00,1126.00
11.32,1892599.00,1009294.00,10087.00,1126.00
11.33,1902698.00,1010497.00,10099.00,1126.00
11.34,1912808.00,1011699.00,10111.00,1126.00
11.35,1922931.00,1012902.00,10123.00,1126.00
11.36,1933067.00,1014105.00,10135.00,1126.00
11.37,1943214.00,1015308.00,10147.00,1126.00
11.38,1953373.00,1016511.00,10159.00,1126.00
11.39,1963544.00,1017714.00,10171.00,1126.00
11.40,1973727.00,1018917.00,10183.00,1126.00
11.41,1983922.00,1020120.00,10195.00,1126.00
11.42,1994129.00,1021322.00,10207.00,1126.00
11.43,2004349.00,1022525.00,10219.00,1126.00
11.44,2014580.00,1023728.00,10231.00,1126.00
11.45,2024823.00,1024931.00,10243.00,1126.00
11.46,2035078.00,1026134.00,10255.00,1126.00
11.47,2045346.00,1027337.00,10267.00,1126.00
11.48,2055625.00,1028540.00,10279.00,1126.00
11.49,2065917.00,1029742.00,10291.00,1126.00
11.50,2076220.00,1030974.00,10304.00,1126.00
11.51,2086536.00,1032206.00,10316.00,1126.00
11.52,2096864.00,1033438.00,10328.00,1126.00
11.53,2107205.00,1034669.00,10341.00,1126.00
11.54,2117558.00,1035901.00,10353.00,1126.00
11.55,2127923.00,1037133.00,10365.00,1126.00
11.56,2138300.00,1038365.00,10377.00,1126.00
11.57,2148690.00,1039596.00,10390.00,1126.00
11.58,2159092.00,1040828.00,10402.00,1126.00
11.59,2169507.00,1042060.00,10414.00,1126.00
11.60,2179933.00,1043291.00,10427.00,1126.00
11.61,2190373.00,1044523.00,10439.00,1126.00
11.62,2200824.00,1045755.00,10451.00,1126.00
11.63,2211288.00,1046987.00,10464.00,1126.00
11.64,2221764.00,1048218.00,10476.00,1126.00
11.65,2232252.00,1049450.00,10488.00,1126.00
11.66,2242753.00,1050682.00,10501.00,1126.00
11.67,2253266.00,1051914.00,10513.00,1126.00
11.68,2263791.00,1053145.00,10525.00,1126.00
11.69,2274329.00,1054377.00,10538.00,1126.00
11.70,2284879.00,1055609.00,10550.00,1126.00
11.71,2295441.00,1056841.00,10562.00,1126.00
11.72,2306015.00,1058072.00,10575.00,1126.00
11.73,2316602.00,1059304.00,10587.00,1126.00
11.74,2327201.00,1060536.00,10599.00,1127.00
11.75,2337813.00,1061847.00,10612.00,1127.00
11.76,2348438.00,1063159.00,10625.00,1127.00
11.77,2359076.00,1064470.00,10638.00,1127.00
11.78,2369728.00,1065782.00,10651.00,1127.00
11.79,2380392.00,1067093.00,10664.00,1127.00
11.80,2391070.00,1068405.00,10677.00,1127.00
11.81,2401760.00,1069716.00,10691.00,1127.00
11.82,2412464.00,1071028.00,10704.00,1127.00
11.83,2423181.00,1072339.00,10717.00,1127.00
11.84,2433911.00,1073651.00,10730.00,1127.00
11.85,2444654.00,1074963.00,10743.00,1127.00
11.86,2455410.00,1076274.00,10756.00,1127.00
11.87,2466179.00,1077586.00,10769.00,1127.00
11.88,2476962.00,1078897.00,10782.00,1127.00
11.89,2487757.00,1080209.00,10796.00,1127.00
11.90,2498566.00,1081520.00,10809.00,1127.00
11.91,2509388.00,1082832.00,10822.00,1127.00
11.92,2520223.00,1084143.00,10835.00,1127.00
11.93,2531070.00,1085455.00,10848.00,1127.00
11.94,2541932.00,1086766.00,10861.00,1127.00
11.95,2552806.00,1088078.00,10874.00,1127.00
11.96,2563693.00,1089389.00,10887.00,1127.00
11.97,2574594.00,1090701.00,10900.00,1127.00
11.98,2585507.00,1092012.00,10914.00,1127.00
11.99,2596434.00,1093324.00,10927.00,1127.00
12.00,2607372.00,1094308.00,10938.00,1127.00
12.01,2618320.00,1095291.00,10948.00,1127.00
12.02,2629278.00,1096275.00,10958.00,1127.00
12.03,2640245.00,1097259.00,10968.00,1127.00
12.04,2651223.00,1098242.00,10978.00,1127.00
12.05,2662210.00,1099226.00,10987.00,1127.00
12.06,2673208.00,1100210.00,10997.00,1127.00
12.07,2684215.00,1101193.00,11007.00,1127.00
12.08,2695231.00,1102177.00,11017.00,1127.00
12.09,2706258.00,1103161.00,11027.00,1127.00
12.10,2717295.00,1104144.00,11037.00,1127.00
12.11,2728341.00,1105128.00,11046.00,1127.00
12.12,2739397.00,1106112.00,11056.00,1127.00
12.13,2750463.00,1107095.00,11066.00,1127.00
12.14,2761539.00,1108079.00,11076.00,1127.00
12.15,2772625.00,1109063.00,11086.00,1127.00
12.16,2783720.00,1110046.00,11096.00,1127.00
12.17,2794826.00,1111030.00,11105.00,1127.00
12.18,2805941.00,1112014.00,11115.00,1127.00
12.19,2817066.00,1112997.00,11125.00,1127.00
12.20,2828201.00,1113981.00,11135.00,1127.00
12.21,2839346.00,1114965.00,11145.00,1127.00
12.22,2850500.00,1115949.00,11155.00,1127.00
12.23,2861665.00,1116932.00,11164.00,1127.00
12.24,2872839.00,1117916.00,11174.00,1127.00
12.25,2884023.00,1118926.00,11184.00,1127.00
12.26,2895217.00,1119936.00,11194.00,1127.00
12.27,2906422.00,1120946.00,11204.00,1127.00
12.28,2917636.00,1121956.00,11215.00,1127.00
12.29,2928861.00,1122966.00,11225.00,1127.00
12.30,2940096.00,1123976.00,11235.00,1127.00
12.31,2951340.00,1124986.00,11245.00,1127.00
12.32,2962595.00,1125995.00,11255.00,1127.00
12.33,2973860.00,1127005.00,11265.00,1127.00
12.34,2985135.00,1128015.00,11275.00,1127.00
12.35,2996421.00,1129025.00,11285.00,1127.00
12.36,3007716.00,1130035.00,11295.00,1127.00
12.37,3019021.00,1131045.00,11305.00,1127.00
12.38,3030337.00,1132055.00,11316.00,1127.00
12.39,3041662.00,1133065.00,11326.00,1127.00
12.40,3052998.00,1134075.00,11336.00,1127.00
12.41,3064344.00,1135085.00,11346.00,1127.00
12.42,3075700.00,1136095.00,11356.00,1127.00
12.43,3087066.00,1137105.00,11366.00,1127.00
12.44,3098442.00,1138115.00,11376.00,1127.00
12.45,3109828.00,1139125.00,11386.00,1127.00
12.46,3121224.00,1140135.00,11396.00,1127.00
12.47,3132631.00,1141145.00,11406.00,1127.00
12.48,3144047.00,1142155.00,11416.00,1127.00
12.49,3155474.00,1143165.00,11427.00,1127.00
12.50,3166911.00,1144201.00,11437.00,1127.00
12.51,3178358.00,1145237.00,11447.00,1127.00
12.52,3189815.00,1146273.00,11458.00,1127.00
12.53,3201283.00,1147309.00,11468.00,1127.00
12.54,3212762.00,1148345.00,11478.00,1127.00
12.55,3224250.00,1149381.00,11489.00,1127.00
12.56,3235749.00,1150417.00,11499.00,1127.00
12.57,3247259.00,1151454.00,11509.00,1127.00
12.58,3258778.00,1152490.00,11520.00,1127.00
12.59,3270308.00,1153526.00,11530.00,1127.00
12.60,3281849.00,1154562.00,11540.00,1127.00
12.61,3293400.00,1155598.00,11551.00,1127.00
12.62,3304961.00,1156634.00,11561.00,1127.00
12.63,3316532.00,1157670.00,11572.00,1127.00
12.64,3328114.00,1158707.00,11582.00,1127.00
12.65,3339706.00,1159743.00,11592.00,1127.00
12.66,3351309.00,1160779.00,11603.00,1127.00
12.67,3362922.00,1161815.00,11613.00,1127.00
12.68,3374545.00,1162851.00,11623.00,1127.00
12.69,3386179.00,1163887.00,11634.00,1127.00
12.70,3397823.00,1164923.00,11644.00,1127.00
12.71,3409478.00,1165959.00,11654.00,1127.00
12.72,3421142.00,1166996.00,11665.00,1127.00
12.73,3432817.00,1168032.00,11675.00,1127.00
12.74,3444503.00,1169068.00,11685.00,1128.00
12.75,3456200.00,1170437.00,11698.00,1128.00
12.76,3467912.00,1171807.00,11711.00,1128.00
12.77,3479637.00,1173176.00,11725.00,1128.00
12.78,3491375.00,1174546.00,11739.00,1128.00
12.79,3503127.00,1175915.00,11752.00,1128.00
12.80,3514893.00,1177285.00,11766.00,1128.00
12.81,3526673.00,1178654.00,11780.00,1128.00
12.82,3538467.00,1180024.00,11793.00,1128.00
12.83,3550274.00,1181393.00,11807.00,1128.00
12.84,3562094.00,1182763.00,11821.00,1128.00
12.85,3573929.00,1184132.00,11834.00,1128.00
12.86,3585777.00,1185502.00,11848.00,1128.00
12.87,3597639.00,1186871.00,11862.00,1128.00
12.88,3609515.00,1188240.00,11876.00,1128.00
12.89,3621404.00,1189610.00,11889.00,1128.00
12.90,3633307.00,1190979.00,11903.00,1128.00
12.91,3645223.00,1192349.00,11917.00,1128.00
12.92,3657154.00,1193718.00,11930.00,1128.00
12.93,3669098.00,1195088.00,11944.00,1128.00
12.94,3681055.00,1196457.00,11958.00,1128.00
12.95,3693027.00,1197827.00,11971.00,1128.00
12.96,3705012.00,1199196.00,11985.00,1128.00
12.97,3717011.00,1200566.00,11999.00,1128.00
12.98,3729023.00,1201935.00,12013.00,1128.00
12.99,3741049.00,1203305.00,12026.00,1128.00
13.00,3753087.00,1204147.00,12037.00,1128.00
13.01,3765132.00,1204990.00,12046.00,1128.00
13.02,3777187.00,1205832.00,12054.00,1128.00
13.03,3789249.00,1206675.00,12063.00,1128.00
13.04,3801320.00,1207517.00,12071.00,1128.00
13.05,3813399.00,1208360.00,12079.00,1128.00
13.06,3825487.00,1209202.00,12088.00,1128.00
13.07,3837583.00,1210045.00,12096.00,1128.00
13.08,3849688.00,1210888.00,12105.00,1128.00
13.09,3861801.00,1211730.00,12113.00,1128.00
13.10,3873923.00,1212573.00,12122.00,1128.00
13.11,3886053.00,1213415.00,12130.00,1128.00
13.12,3898191.00,1214258.00,12138.00,1128.00
13.13,3910338.00,1215100.00,12147.00,1128.00
13.14,3922493.00,1215943.00,12155.00,1128.00
13.15,3934657.00,1216785.00,12164.00,1128.00
13.16,3946829.00,1217628.00,12172.00,1128.00
13.17,3959009.00,1218470.00,12180.00,1128.00
13.18,3971198.00,1219313.00,12189.00,1128.00
13.19,3983396.00,1220155.00,12197.00,1128.00
13.20,3995601.00,1220998.00,12206.00,1128.00
13.21,4007815.00,1221840.00,12214.00,1128.00
13.22,4020038.00,1222683.00,12223.00,1128.00
13.23,4032269.00,1223526.00,12231.00,1128.00
13.24,4044509.00,1224368.00,12239.00,1128.00
13.25,4056757.00,1225236.00,12248.00,1128.00
13.26,4069013.00,1226104.00,12257.00,1128.00
13.27,4081279.00,1226972.00,12265.00,1128.00
13.28,4093553.00,1227839.00,12274.00,1128.00
13.29,4105835.00,1228707.00,12283.00,1128.00
13.30,4118127.00,1229575.00,12291.00,1128.00
13.31,4130427.00,1230443.00,12300.00,1128.00
13.32,4142736.00,1231311.00,12309.00,1128.00
13.33,4155053.00,1232179.00,12317.00,1128.00
13.34,4167379.00,1233047.00,12326.00,1128.00
13.35,4179714.00,1233914.00,12335.00,1128.00
13.36,4192058.00,1234782.00,12343.00,1128.00
13.37,4204410.00,1235650.00,12352.00,1128.00
13.38,4216771.00,1236518.00,12361.00,1128.00
13.39,4229140.00,1237386.00,12370.00,1128.00
13.40,4241518.00,1238254.00,12378.00,1128.00
13.41,4253905.00,1239121.00,12387.00,1128.00
13.42,4266301.00,1239989.00,12396.00,1128.00
13.43,4278705.00,1240857.00,12404.00,1128.00
13.44,4291118.00,1241725.00,12413.00,1128.00
13.45,4303539.00,1242593.00,12422.00,1128.00
13.46,4315970.00,1243461.00,12430.00,1128.00
13.47,4328409.00,1244328.00,12439.00,1128.00
13.48,4340856.00,1245196.00,12448.00,1128.00
13.49,4353313.00,1246064.00,12456.00,1128.00
13.50,4365778.00,1246959.00,12465.00,1128.00
13.51,4378252.00,1247853.00,12474.00,1128.00
13.52,4390735.00,1248748.00,12483.00,1128.00
13.53,4403227.00,1249642.00,12492.00,1128.00
13.54,4415728.00,1250537.00,12501.00,1128.00
13.55,4428237.00,1251431.00,12510.00,1128.00
13.56,4440756.00,1252326.00,12519.00,1128.00
13.57,4453284.00,1253220.00,12528.00,1128.00
13.58,4465821.00,1254115.00,12537.00,1128.00
13.59,4478366.00,1255009.00,12546.00,1128.00
13.60,4490921.00,1255904.00,12555.00,1128.00
13.61,4503484.00,1256798.00,12564.00,1128.00
13.62,4516057.00,1257693.00,12572.00,1128.00
13.63,4528638.00,1258587.00,12581.00,1128.00
13.64,4541229.00,1259482.00,12590.00,1128.00
13.65,4553828.00,1260376.00,12599.00,1128.00
13.66,4566436.00,1261271.00,12608.00,1128.00
13.67,4579053.00,1262165.00,12617.00,1128.00
13.68,4591679.00,1263060.00,12626.00,1128.00
13.69,4604314.00,1263954.00,12635.00,1128.00
13.70,4616958.00,1264849.00,12644.00,1128.00
13.71,4629611.00,1265743.00,12653.00,1128.00
13.72,4642273.00,1266638.00,12662.00,1128.00
13.73,4654944.00,1267532.00,12671.00,1128.00
13.74,4667624.00,1268427.00,12680.00,1129.00
13.75,4680315.00,1269795.00,12691.00,1129.00
13.76,4693020.00,1271163.00,12705.00,1129.00
13.77,4705738.00,1272532.00,12718.00,1129.00
13.78,4718471.00,1273900.00,12732.00,1129.00
13.79,4731216.00,1275269.00,12746.00,1129.00
13.80,4743976.00,1276637.00,12760.00,1129.00
13.81,4756749.00,1278005.00,12773.00,1129.00
13.82,4769536.00,1279374.00,12787.00,1129.00
13.83,4782337.00,1280742.00,12801.00,1129.00
13.84,4795151.00,1282110.00,12814.00,1129.00
13.85,4807979.00,1283479.00,12828.00,1129.00
13.86,4820820.00,1284847.00,12842.00,1129.00
13.87,4833676.00,1286216.00,12855.00,1129.00
13.88,4846545.00,1287584.00,12869.00,1129.00
13.89,4859427.00,1288952.00,12883.00,1129.00
13.90,4872324.00,1290321.00,12896.00,1129.00
13.91,4885234.00,1291689.00,12910.00,1129.00
13.92,4898158.00,1293057.00,12924.00,1129.00
13.93,4911095.00,1294426.00,12937.00,1129.00
13.94,4924046.00,1295794.00,12951.00,1129.00
13.95,4937011.00,1297163.00,12965.00,1129.00
13.96,4949989.00,1298531.00,12978.00,1129.00
13.97,4962981.00,1299899.00,12992.00,1129.00
13.98,4975987.00,1301268.00,13006.00,1129.00
13.99,4989007.00,1302636.00,13020.00,1129.00
14.00,5002037.00,1303415.00,13030.00,1129.00
14.01,5015075.00,1304195.00,13038.00,1129.00
14.02,5028121.00,1304974.00,13046.00,1129.00
14.03,5041175.00,1305753.00,13054.00,1129.00
14.04,5054236.00,1306533.00,13061.00,1129.00
14.05,5067305.00,1307312.00,13069.00,1129.00
14.06,5080382.00,1308091.00,13077.00,1129.00
14.07,5093467.00,1308871.00,13085.00,1129.00
14.08,5106560.00,1309650.00,13093.00,1129.00
14.09,5119660.00,1310429.00,13100.00,1129.00
14.10,5132768.00,1311208.00,13108.00,1129.00
14.11,5145884.00,1311988.00,13116.00,1129.00
14.12,5159008.00,1312767.00,13124.00,1129.00
14.13,5172140.00,1313546.00,13132.00,1129.00
14.14,5185279.00,1314326.00,13139.00,1129.00
14.15,5198426.00,1315105.00,13147.00,1129.00
14.16,5211581.00,1315884.00,13155.00,1129.00
14.17,5224744.00,1316664.00,13163.00,1129.00
14.18,5237914.00,1317443.00,13171.00,1129.00
14.19,5251093.00,1318222.00,13178.00,1129.00
14.20,5264279.00,1319001.00,13186.00,1129.00
14.21,5277473.00,1319781.00,13194.00,1129.00
14.22,5290674.00,1320560.00,13202.00,1129.00
14.23,5303884.00,1321339.00,13209.00,1129.00
14.24,5317101.00,1322119.00,13217.00,1129.00
14.25,5330326.00,1322914.00,13225.00,1129.00
14.26,5343559.00,1323710.00,13233.00,1129.00
14.27,5356801.00,1324506.00,13241.00,1129.00
14.28,5370050.00,1325302.00,13249.00,1129.00
14.29,5383307.00,1326098.00,13257.00,1129.00
14.30,5396572.00,1326893.00,13265.00,1129.00
14.31,5409844.00,1327689.00,13273.00,1129.00
14.32,5423125.00,1328485.00,13281.00,1129.00
14.33,5436414.00,1329281.00,13289.00,1129.00
14.34,5449711.00,1330076.00,13297.00,1129.00
14.35,5463016.00,1330872.00,13305.00,1129.00
14.36,5476328.00,1331668.00,13313.00,1129.00
14.37,5489649.00,1332464.00,13321.00,1129.00
14.38,5502978.00,1333260.00,13329.00,1129.00
14.39,5516314.00,1334055.00,13337.00,1129.00
14.40,5529659.00,1334851.00,13345.00,1129.00
14.41,5543011.00,1335647.00,13352.00,1129.00
14.42,5556372.00,1336443.00,13360.00,1129.00
14.43,5569740.00,1337238.00,13368.00,1129.00
14.44,5583116.00,1338034.00,13376.00,1129.00
14.45,5596501.00,1338830.00,13384.00,1129.00
14.46,5609893.00,1339626.00,13392.00,1129.00
14.47,5623293.00,1340422.00,13400.00,1129.00
14.48,5636701.00,1341217.00,13408.00,1129.00
14.49,5650118.00,1342013.00,13416.00,1129.00
14.50,5663542.00,1342826.00,13424.00,1129.00
14.51,5676974.00,1343640.00,13432.00,1129.00
14.52,5690415.00,1344453.00,13440.00,1129.00
14.53,5703863.00,1345266.00,13449.00,1129.00
14.54,5717320.00,1346080.00,13457.00,1129.00
14.55,5730785.00,1346893.00,13465.00,1129.00
14.56,5744258.00,1347706.00,13473.00,1129.00
14.57,5757739.00,1348520.00,13481.00,1129.00
14.58,5771228.00,1349333.00,13489.00,1129.00
14.59,5784726.00,1350146.00,13497.00,1129.00
14.60,5798231.00,1350960.00,13506.00,1129.00
14.61,5811745.00,1351773.00,13514.00,1129.00
14.62,5825267.00,1352586.00,13522.00,1129.00
14.63,5838797.00,1353399.00,13530.00,1129.00
14.64,5852335.00,1354213.00,13538.00,1129.00
14.65,5865881.00,1355026.00,13546.00,1129.00
14.66,5879435.00,1355839.00,13554.00,1129.00
14.67,5892998.00,1356653.00,13562.00,1129.00
14.68,5906568.00,1357466.00,13571.00,1129.00
14.69,5920147.00,1358279.00,13579.00,1129.00
14.70,5933734.00,1359093.00,13587.00,1129.00
14.71,5947329.00,1359906.00,13595.00,1129.00
14.72,5960932.00,1360719.00,13603.00,1129.00
14.73,5974543.00,1361533.00,13611.00,1129.00
14.74,5988163.00,1362346.00,13619.00,1130.00
14.75,6001794.00,1363880.00,13631.00,1130.00
14.76,6015440.00,1365415.00,13646.00,1130.00
14.77,6029102.00,1366950.00,13662.00,1130.00
14.78,6042779.00,1368484.00,13677.00,1130.00
14.79,6056472.00,1370019.00,13693.00,1130.00
14.80,6070179.00,1371553.00,13708.00,1130.00
14.81,6083903.00,1373088.00,13723.00,1130.00
14.82,6097641.00,1374622.00,13739.00,1130.00
14.83,6111395.00,1376157.00,13754.00,1130.00
14.84,6125164.00,1377691.00,13769.00,1130.00
14.85,6138949.00,1379226.00,13785.00,1130.00
14.86,6152749.00,1380761.00,13800.00,1130.00
14.87,6166564.00,1382295.00,13815.00,1130.00
14.88,6180395.00,1383830.00,13831.00,1130.00
14.89,6194241.00,1385364.00,13846.00,1130.00
14.90,6208102.00,1386899.00,13861.00,1130.00
14.91,6221979.00,1388433.00,13877.00,1130.00
14.92,6235871.00,1389968.00,13892.00,1130.00
14.93,6249778.00,1391502.00,13907.00,1130.00
14.94,6263701.00,1393037.00,13923.00,1130.00
14.95,6277639.00,1394572.00,13938.00,1130.00
14.96,6291592.00,1396106.00,13953.00,1130.00
14.97,6305561.00,1397641.00,13969.00,1130.00
14.98,6319545.00,1399175.00,13984.00,1130.00
14.99,6333544.00,1400710.00,13999.00,1130.00
15.00,6347556.00,1401658.00,14012.00,1130.00
15.01,6361578.00,1402607.00,14021.00,1130.00
15.02,6375608.00,1403555.00,14031.00,1130.00
15.03,6389649.00,1404503.00,14040.00,1130.00
15.04,6403699.00,1405452.00,14050.00,1130.00
15.05,6417758.00,1406400.00,14059.00,1130.00
15.06,6431827.00,1407348.00,14069.00,1130.00
15.07,6445905.00,1408297.00,14078.00,1130.00
15.08,6459992.00,1409245.00,14088.00,1130.00
15.09,6474090.00,1410193.00,14097.00,1130.00
15.10,6488196.00,1411142.00,14107.00,1130.00
15.11,6502312.00,1412090.00,14116.00,1130.00
15.12,6516438.00,1413039.00,14126.00,1130.00
15.13,6530573.00,1413987.00,14135.00,1130.00
15.14,6544718.00,1414935.00,14145.00,1130.00
15.15,6558872.00,1415884.00,14154.00,1130.00
15.16,6573036.00,1416832.00,14164.00,1130.00
15.17,6587209.00,1417780.00,14173.00,1130.00
15.18,6601391.00,1418729.00,14183.00,1130.00
15.19,6615583.00,1419677.00,14192.00,1130.00
15.20,6629785.00,1420625.00,14202.00,1130.00
15.21,6643996.00,1421574.00,14211.00,1130.00
15.22,6658216.00,1422522.00,14220.00,1130.00
15.23,6672446.00,1423471.00,14230.00,1130.00
15.24,6686686.00,1424419.00,14239.00,1130.00
15.25,6700935.00,1425380.00,14249.00,1130.00
15.26,6715193.00,1426341.00,14259.00,1130.00
15.27,6729461.00,1427302.00,14268.00,1130.00
15.28,6743739.00,1428263.00,14278.00,1130.00
15.29,6758027.00,1429224.00,14287.00,1130.00
15.30,6772324.00,1430185.00,14297.00,1130.00
15.31,6786630.00,1431146.00,14307.00,1130.00
15.32,6800947.00,1432107.00,14316.00,1130.00
15.33,6815272.00,1433068.00,14326.00,1130.00
15.34,6829608.00,1434028.00,14335.00,1130.00
15.35,6843953.00,1434989.00,14345.00,1130.00
15.36,6858308.00,1435950.00,14355.00,1130.00
15.37,6872672.00,1436911.00,14364.00,1130.00
15.38,6887046.00,1437872.00,14374.00,1130.00
15.39,6901429.00,1438833.00,14384.00,1130.00
15.40,6915823.00,1439794.00,14393.00,1130.00
15.41,6930225.00,1440755.00,14403.00,1130.00
15.42,6944638.00,1441716.00,14412.00,1130.00
15.43,6959060.00,1442677.00,14422.00,1130.00
15.44,6973491.00,1443638.00,14432.00,1130.00
15.45,6987932.00,1444599.00,14441.00,1130.00
15.46,7002383.00,1445560.00,14451.00,1130.00
15.47,7016844.00,1446521.00,14460.00,1130.00
15.48,7031314.00,1447482.00,14470.00,1130.00
15.49,7045793.00,1448443.00,14480.00,1130.00
15.50,7060283.00,1449418.00,14489.00,1130.00
15.51,7074782.00,1450392.00,14499.00,1130.00
15.52,7089290.00,1451367.00,14509.00,1130.00
15.53,7103809.00,1452342.00,14519.00,1130.00
15.54,7118337.00,1453317.00,14528.00,1130.00
15.55,7132875.00,1454291.00,14538.00,1130.00
15.56,7147423.00,1455266.00,14548.00,1130.00
15.57,7161981.00,1456241.00,14558.00,1130.00
15.58,7176548.00,1457216.00,14567.00,1130.00
15.59,7191125.00,1458190.00,14577.00,1130.00
15.60,7205712.00,1459165.00,14587.00,1130.00
15.61,7220308.00,1460140.00,14597.00,1130.00
15.62,7234915.00,1461115.00,14606.00,1130.00
15.63,7249531.00,1462089.00,14616.00,1130.00
15.64,7264156.00,1463064.00,14626.00,1130.00
15.65,7278792.00,1464039.00,14636.00,1130.00
15.66,7293437.00,1465014.00,14645.00,1130.00
15.67,7308092.00,1465988.00,14655.00,1130.00
15.68,7322757.00,1466963.00,14665.00,1130.00
15.69,7337431.00,1467938.00,14675.00,1130.00
15.70,7352116.00,1468913.00,14684.00,1130.00
15.71,7366810.00,1469887.00,14694.00,1130.00
15.72,7381513.00,1470862.00,14704.00,1130.00
15.73,7396227.00,1471837.00,14713.00,1130.00
15.74,7410950.00,1472812.00,14723.00,1131.00
15.75,7425688.00,1474803.00,14738.00,1131.00
15.76,7440446.00,1476794.00,14758.00,1131.00
15.77,7455224.00,1478785.00,14778.00,1131.00
15.78,7470022.00,1480776.00,14798.00,1131.00
15.79,7484840.00,1482767.00,14818.00,1131.00
15.80,7499677.00,1484758.00,14838.00,1131.00
15.81,7514535.00,1486749.00,14858.00,1131.00
15.82,7529412.00,1488740.00,14877.00,1131.00
15.83,7544310.00,1490731.00,14897.00,1131.00
15.84,7559227.00,1492723.00,14917.00,1131.00
15.85,7574164.00,1494714.00,14937.00,1131.00
15.86,7589121.00,1496705.00,14957.00,1131.00
15.87,7604098.00,1498696.00,14977.00,1131.00
15.88,7619095.00,1500687.00,14997.00,1131.00
15.89,7634112.00,1502678.00,15017.00,1131.00
15.90,7649149.00,1504669.00,15037.00,1131.00
15.91,7664205.00,1506660.00,15057.00,1131.00
15.92,7679282.00,1508651.00,15077.00,1131.00
15.93,7694378.00,1510642.00,15096.00,1131.00
15.94,7709495.00,1512633.00,15116.00,1131.00
15.95,7724631.00,1514624.00,15136.00,1131.00
15.96,7739787.00,1516616.00,15156.00,1131.00
15.97,7754963.00,1518607.00,15176.00,1131.00
15.98,7770159.00,1520598.00,15196.00,1131.00
15.99,7785375.00,1522589.00,15216.00,1131.00
16.00,7800607.00,1523735.00,15232.00,1131.00
16.01,7815850.00,1524880.00,15243.00,1131.00
16.02,7831104.00,1526026.00,15255.00,1131.00
16.03,7846370.00,1527172.00,15266.00,1131.00
16.04,7861648.00,1528318.00,15277.00,1131.00
16.05,7876937.00,1529463.00,15289.00,1131.00
16.06,7892237.00,1530609.00,15300.00,1131.00
16.07,7907549.00,1531755.00,15312.00,1131.00
16.08,7922872.00,1532901.00,15323.00,1131.00
16.09,7938207.00,1534047.00,15335.00,1131.00
16.10,7953553.00,1535192.00,15346.00,1131.00
16.11,7968911.00,1536338.00,15358.00,1131.00
16.12,7984280.00,1537484.00,15369.00,1131.00
16.13,7999660.00,1538630.00,15381.00,1131.00
16.14,8015052.00,1539775.00,15392.00,1131.00
16.15,8030456.00,1540921.00,15403.00,1131.00
16.16,8045871.00,1542067.00,15415.00,1131.00
16.17,8061297.00,1543213.00,15426.00,1131.00
16.18,8076735.00,1544359.00,15438.00,1131.00
16.19,8092184.00,1545504.00,15449.00,1131.00
16.20,8107645.00,1546650.00,15461.00,1131.00
16.21,8123117.00,1547796.00,15472.00,1131.00
16.22,8138601.00,1548942.00,15484.00,1131.00
16.23,8154096.00,1550087.00,15495.00,1131.00
16.24,8169603.00,1551233.00,15507.00,1131.00
16.25,8185121.00,1552384.00,15518.00,1131.00
16.26,8200651.00,1553535.00,15530.00,1131.00
16.27,8216192.00,1554686.00,15541.00,1131.00
16.28,8231744.00,1555836.00,15553.00,1131.00
16.29,8247308.00,1556987.00,15564.00,1131.00
16.30,8262884.00,1558138.00,15576.00,1131.00
16.31,8278471.00,1559289.00,15587.00,1131.00
16.32,8294070.00,1560440.00,15599.00,1131.00
16.33,8309680.00,1561591.00,15610.00,1131.00
16.34,8325302.00,1562741.00,15622.00,1131.00
16.35,8340935.00,1563892.00,15633.00,1131.00
16.36,8356579.00,1565043.00,15645.00,1131.00
16.37,8372236.00,1566194.00,15656.00,1131.00
16.38,8387903.00,1567345.00,15668.00,1131.00
16.39,8403583.00,1568495.00,15679.00,1131.00
16.40,8419273.00,1569646.00,15691.00,1131.00
16.41,8434975.00,1570797.00,15702.00,1131.00
16.42,8450689.00,1571948.00,15714.00,1131.00
16.43,8466414.00,1573099.00,15725.00,1131.00
16.44,8482151.00,1574249.00,15737.00,1131.00
16.45,8497899.00,1575400.00,15748.00,1131.00
16.46,8513659.00,1576551.00,15760.00,1131.00
16.47,8529430.00,1577702.00,15771.00,1131.00
16.48,8545213.00,1578853.00,15783.00,1131.00
16.49,8561008.00,1580003.00,15794.00,1131.00
16.50,8576813.00,1581159.00,15806.00,1131.00
16.51,8592631.00,1582315.00,15817.00,1131.00
16.52,8608460.00,1583471.00,15829.00,1131.00
16.53,8624300.00,1584627.00,15840.00,1131.00
16.54,8640152.00,1585784.00,15852.00,1131.00
16.55,8656016.00,1586940.00,15864.00,1131.00
16.56,8671891.00,1588096.00,15875.00,1131.00
16.57,8687778.00,1589252.00,15887.00,1131.00
16.58,8703676.00,1590408.00,15898.00,1131.00
16.59,8719586.00,1591564.00,15910.00,1131.00
16.60,8735507.00,1592720.00,15921.00,1131.00
16.61,8751440.00,1593876.00,15933.00,1131.00
16.62,8767385.00,1595032.00,15945.00,1131.00
16.63,8783341.00,1596188.00,15956.00,1131.00
16.64,8799309.00,1597344.00,15968.00,1131.00
16.65,8815288.00,1598500.00,15979.00,1131.00
16.66,8831279.00,1599656.00,15991.00,1131.00
16.67,8847281.00,1600812.00,16002.00,1131.00
16.68,8863295.00,1601968.00,16014.00,1131.00
16.69,8879320.00,1603124.00,16025.00,1131.00
16.70,8895357.00,1604280.00,16037.00,1131.00
16.71,8911406.00,1605436.00,16049.00,1131.00
16.72,8927466.00,1606592.00,16060.00,1131.00
16.73,8943538.00,1607748.00,16072.00,1131.00
16.74,8959621.00,1608904.00,16083.00,1132.00
16.75,8975722.00,1611222.00,16101.00,1132.00
16.76,8991845.00,1613540.00,16124.00,1132.00
16.77,9007992.00,1615857.00,16147.00,1132.00
16.78,9024163.00,1618175.00,16170.00,1132.00
16.79,9040356.00,1620493.00,16193.00,1132.00
16.80,9056572.00,1622811.00,16217.00,1132.00
16.81,9072812.00,1625129.00,16240.00,1132.00
16.82,9089075.00,1627446.00,16263.00,1132.00
16.83,9105361.00,1629764.00,16286.00,1132.00
16.84,9121670.00,1632082.00,16309.00,1132.00
16.85,9138003.00,1634400.00,16332.00,1132.00
16.86,9154358.00,1636717.00,16356.00,1132.00
16.87,9170737.00,1639035.00,16379.00,1132.00
16.88,9187139.00,1641353.00,16402.00,1132.00
16.89,9203564.00,1643671.00,16425.00,1132.00
16.90,9220012.00,1645989.00,16448.00,1132.00
16.91,9236484.00,1648306.00,16471.00,1132.00
16.92,9252978.00,1650624.00,16495.00,1132.00
16.93,9269496.00,1652942.00,16518.00,1132.00
16.94,9286037.00,1655260.00,16541.00,1132.00
16.95,9302601.00,1657577.00,16564.00,1132.00
16.96,9319189.00,1659895.00,16587.00,1132.00
16.97,9335799.00,1662213.00,16611.00,1132.00
16.98,9352433.00,1664531.00,16634.00,1132.00
16.99,9369090.00,1666849.00,16657.00,1132.00
17.00,9385765.00,1668175.00,16675.00,1132.00
17.01,9402454.00,1669501.00,16688.00,1132.00
17.02,9419155.00,1670827.00,16702.00,1132.00
17.03,9435870.00,1672153.00,16715.00,1132.00
17.04,9452598.00,1673480.00,16728.00,1132.00
17.05,9469340.00,1674806.00,16741.00,1132.00
17.06,9486094.00,1676132.00,16755.00,1132.00
17.07,9502862.00,1677458.00,16768.00,1132.00
17.08,9519644.00,1678785.00,16781.00,1132.00
17.09,9536438.00,1680111.00,16794.00,1132.00
17.10,9553246.00,1681437.00,16808.00,1132.00
17.11,9570067.00,1682763.00,16821.00,1132.00
17.12,9586901.00,1684089.00,16834.00,1132.00
17.13,9603749.00,1685416.00,16848.00,1132.00
17.14,9620609.00,1686742.00,16861.00,1132.00
17.15,9637483.00,1688068.00,16874.00,1132.00
17.16,9654371.00,1689394.00,16887.00,1132.00
17.17,9671271.00,1690721.00,16901.00,1132.00
17.18,9688185.00,1692047.00,16914.00,1132.00
17.19,9705112.00,1693373.00,16927.00,1132.00
17.20,9722053.00,1694699.00,16940.00,1132.00
17.21,9739006.00,1696025.00,16954.00,1132.00
17.22,9755973.00,1697352.00,16967.00,1132.00
17.23,9772953.00,1698678.00,16980.00,1132.00
17.24,9789947.00,1700004.00,16993.00,1132.00
17.25,9806953.00,1701337.00,17007.00,1132.00
17.26,9823973.00,1702671.00,17020.00,1132.00
17.27,9841007.00,1704004.00,17033.00,1132.00
17.28,9858053.00,1705337.00,17047.00,1132.00
17.29,9875113.00,1706671.00,17060.00,1132.00
17.30,9892187.00,1708004.00,17073.00,1132.00
17.31,9909274.00,1709337.00,17087.00,1132.00
17.32,9926374.00,1710671.00,17100.00,1132.00
17.33,9943487.00,1712004.00,17113.00,1132.00
17.34,9960614.00,1713337.00,17127.00,1132.00
17.35,9977754.00,1714671.00,17140.00,1132.00
17.36,9994907.00,1716004.00,17153.00,1132.00
17.37,10012074.00,1717337.00,17167.00,1132.00
17.38,10029254.00,1718671.00,17180.00,1132.00
17.39,10046447.00,1720004.00,17193.00,1132.00
17.40,10063654.00,1721337.00,17207.00,1132.00
17.41,10080874.00,1722671.00,17220.00,1132.00
17.42,10098107.00,1724004.00,17233.00,1132.00
17.43,10115354.00,1725337.00,17247.00,1132.00
17.44,10132614.00,1726671.00,17260.00,1132.00
17.45,10149887.00,1728004.00,17273.00,1132.00
17.46,10167174.00,1729337.00,17287.00,1132.00
17.47,10184474.00,1730671.00,17300.00,1132.00
17.48,10201788.00,1732004.00,17313.00,1132.00
17.49,10219114.00,1733337.00,17327.00,1132.00
17.50,10236454.00,1734677.00,17340.00,1132.00
17.51,10253808.00,1736017.00,17353.00,1132.00
17.52,10271175.00,1737356.00,17367.00,1132.00
17.53,10288555.00,1738696.00,17380.00,1132.00
17.54,10305949.00,1740035.00,17394.00,1132.00
17.55,10323356.00,1741375.00,17407.00,1132.00
17.56,10340776.00,1742714.00,17420.00,1132.00
17.57,10358210.00,1744054.00,17434.00,1132.00
17.58,10375657.00,1745393.00,17447.00,1132.00
17.59,10393118.00,1746733.00,17461.00,1132.00
17.60,10410592.00,1748072.00,17474.00,1132.00
17.61,10428079.00,1749412.00,17487.00,1132.00
17.62,10445580.00,1750751.00,17501.00,1132.00
17.63,10463094.00,1752091.00,17514.00,1132.00
17.64,10480622.00,1753430.00,17528.00,1132.00
17.65,10498163.00,1754770.00,17541.00,1132.00
17.66,10515717.00,1756109.00,17554.00,1132.00
17.67,10533285.00,1757449.00,17568.00,1132.00
17.68,10550866.00,1758788.00,17581.00,1132.00
17.69,10568461.00,1760128.00,17595.00,1132.00
17.70,10586069.00,1761467.00,17608.00,1132.00
17.71,10603690.00,1762807.00,17621.00,1132.00
17.72,10621325.00,1764147.00,17635.00,1132.00
17.73,10638973.00,1765486.00,17648.00,1132.00
17.74,10656635.00,1766826.00,17662.00,1133.00
17.75,10674315.00,1769197.00,17680.00,1133.00
17.76,10692019.00,1771569.00,17704.00,1133.00
17.77,10709746.00,1773940.00,17728.00,1133.00
17.78,10727497.00,1776312.00,17751.00,1133.00
17.79,10745272.00,1778684.00,17775.00,1133.00
17.80,10763071.00,1781055.00,17799.00,1133.00
17.81,10780894.00,1783427.00,17822.00,1133.00
17.82,10798740.00,1785799.00,17846.00,1133.00
17.83,10816609.00,1788170.00,17870.00,1133.00
17.84,10834503.00,1790542.00,17894.00,1133.00
17.85,10852420.00,1792913.00,17917.00,1133.00
17.86,10870361.00,1795285.00,17941.00,1133.00
17.87,10888326.00,1797657.00,17965.00,1133.00
17.88,10906314.00,1800028.00,17988.00,1133.00
17.89,10924327.00,1802400.00,18012.00,1133.00
17.90,10942362.00,1804772.00,18036.00,1133.00
17.91,10960422.00,1807143.00,18060.00,1133.00
17.92,10978505.00,1809515.00,18083.00,1133.00
17.93,10996612.00,1811887.00,18107.00,1133.00
17.94,11014743.00,1814258.00,18131.00,1133.00
17.95,11032897.00,1816630.00,18154.00,1133.00
17.96,11051076.00,1819001.00,18178.00,1133.00
17.97,11069277.00,1821373.00,18202.00,1133.00
17.98,11087503.00,1823745.00,18226.00,1133.00
17.99,11105752.00,1826116.00,18249.00,1133.00
18.00,11124019.00,1827140.00,18266.00,1133.00
18.01,11142295.00,1828164.00,18277.00,1133.00
18.02,11160582.00,1829187.00,18287.00,1133.00
18.03,11178879.00,1830211.00,18297.00,1133.00
18.04,11197186.00,1831235.00,18307.00,1133.00
18.05,11215504.00,1832259.00,18317.00,1133.00
18.06,11233831.00,1833282.00,18328.00,1133.00
18.07,11252169.00,1834306.00,18338.00,1133.00
18.08,11270517.00,1835330.00,18348.00,1133.00
18.09,11288876.00,1836353.00,18358.00,1133.00
18.10,11307245.00,1837377.00,18369.00,1133.00
18.11,11325623.00,1838401.00,18379.00,1133.00
18.12,11344013.00,1839424.00,18389.00,1133.00
18.13,11362412.00,1840448.00,18399.00,1133.00
18.14,11380822.00,1841472.00,18410.00,1133.00
18.15,11399241.00,1842496.00,18420.00,1133.00
18.16,11417671.00,1843519.00,18430.00,1133.00
18.17,11436112.00,1844543.00,18440.00,1133.00
18.18,11454562.00,1845567.00,18451.00,1133.00
18.19,11473023.00,1846590.00,18461.00,1133.00
18.20,11491494.00,1847614.00,18471.00,1133.00
18.21,11509975.00,1848638.00,18481.00,1133.00
18.22,11528467.00,1849662.00,18491.00,1133.00
18.23,11546969.00,1850685.00,18502.00,1133.00
18.24,11565481.00,1851709.00,18512.00,1133.00
18.25,11584003.00,1852736.00,18522.00,1133.00
18.26,11602535.00,1853764.00,18533.00,1133.00
18.27,11621078.00,1854791.00,18543.00,1133.00
18.28,11639631.00,1855819.00,18553.00,1133.00
18.29,11658194.00,1856846.00,18563.00,1133.00
18.30,11676768.00,1857874.00,18574.00,1133.00
18.31,11695352.00,1858901.00,18584.00,1133.00
18.32,11713946.00,1859929.00,18594.00,1133.00
18.33,11732550.00,1860956.00,18604.00,1133.00
18.34,11751165.00,1861984.00,18615.00,1133.00
18.35,11769790.00,1863011.00,18625.00,1133.00
18.36,11788425.00,1864039.00,18635.00,1133.00
18.37,11807071.00,1865066.00,18646.00,1133.00
18.38,11825727.00,1866094.00,18656.00,1133.00
18.39,11844393.00,1867121.00,18666.00,1133.00
18.40,11863069.00,1868149.00,18676.00,1133.00
18.41,11881756.00,1869176.00,18687.00,1133.00
18.42,11900453.00,1870204.00,18697.00,1133.00
18.43,11919160.00,1871231.00,18707.00,1133.00
18.44,11937877.00,1872259.00,18717.00,1133.00
18.45,11956605.00,1873286.00,18728.00,1133.00
18.46,11975343.00,1874314.00,18738.00,1133.00
18.47,11994091.00,1875341.00,18748.00,1133.00
18.48,12012850.00,1876369.00,18759.00,1133.00
18.49,12031619.00,1877396.00,18769.00,1133.00
18.50,12050398.00,1878427.00,18779.00,1133.00
18.51,12069187.00,1879458.00,18789.00,1133.00
18.52,12087987.00,1880488.00,18800.00,1133.00
18.53,12106797.00,1881519.00,18810.00,1133.00
18.54,12125617.00,1882550.00,18820.00,1133.00
18.55,12144448.00,1883581.00,18831.00,1133.00
18.56,12163289.00,1884612.00,18841.00,1133.00
18.57,12182140.00,1885642.00,18851.00,1133.00
18.58,12201002.00,1886673.00,18862.00,1133.00
18.59,12219874.00,1887704.00,18872.00,1133.00
18.60,12238756.00,1888735.00,18882.00,1133.00
18.61,12257648.00,1889766.00,18893.00,1133.00
18.62,12276551.00,1890796.00,18903.00,1133.00
18.63,12295464.00,1891827.00,18913.00,1133.00
18.64,12314388.00,1892858.00,18923.00,1133.00
18.65,12333321.00,1893889.00,18934.00,1133.00
18.66,12352265.00,1894920.00,18944.00,1133.00
18.67,12371220.00,1895950.00,18954.00,1133.00
18.68,12390184.00,1896981.00,18965.00,1133.00
18.69,12409159.00,1898012.00,18975.00,1133.00
18.70,12428145.00,1899043.00,18985.00,1133.00
18.71,12447140.00,1900074.00,18996.00,1133.00
18.72,12466146.00,1901104.00,19006.00,1133.00
18.73,12485162.00,1902135.00,19016.00,1133.00
18.74,12504189.00,1903166.00,19027.00,1134.00
18.75,12523231.00,1905195.00,19042.00,1134.00
18.76,12542293.00,1907223.00,19062.00,1134.00
18.77,12561375.00,1909252.00,19082.00,1134.00
18.78,12580478.00,1911281.00,19103.00,1134.00
18.79,12599601.00,1913310.00,19123.00,1134.00
18.80,12618744.00,1915339.00,19143.00,1134.00
18.81,12637908.00,1917367.00,19164.00,1134.00
18.82,12657091.00,1919396.00,19184.00,1134.00
18.83,12676295.00,1921425.00,19204.00,1134.00
18.84,12695520.00,1923454.00,19224.00,1134.00
18.85,12714765.00,1925482.00,19245.00,1134.00
18.86,12734030.00,1927511.00,19265.00,1134.00
18.87,12753315.00,1929540.00,19285.00,1134.00
18.88,12772620.00,1931569.00,19306.00,1134.00
18.89,12791946.00,1933598.00,19326.00,1134.00
18.90,12811292.00,1935626.00,19346.00,1134.00
18.91,12830659.00,1937655.00,19366.00,1134.00
18.92,12850045.00,1939684.00,19387.00,1134.00
18.93,12869452.00,1941713.00,19407.00,1134.00
18.94,12888880.00,1943742.00,19427.00,1134.00
18.95,12908327.00,1945770.00,19448.00,1134.00
18.96,12927795.00,1947799.00,19468.00,1134.00
18.97,12947283.00,1949828.00,19488.00,1134.00
18.98,12966792.00,1951857.00,19508.00,1134.00
18.99,12986320.00,1953885.00,19529.00,1134.00
19.00,13005865.00,1955111.00,19545.00,1134.00
19.01,13025423.00,1956336.00,19557.00,1134.00
19.02,13044992.00,1957561.00,19569.00,1134.00
19.03,13064574.00,1958786.00,19582.00,1134.00
19.04,13084168.00,1960012.00,19594.00,1134.00
19.05,13103774.00,1961237.00,19606.00,1134.00
19.06,13123392.00,1962462.00,19618.00,1134.00
19.07,13143023.00,1963688.00,19631.00,1134.00
19.08,13162666.00,1964913.00,19643.00,1134.00
19.09,13182321.00,1966138.00,19655.00,1134.00
19.10,13201989.00,1967363.00,19668.00,1134.00
19.11,13221669.00,1968589.00,19680.00,1134.00
19.12,13241361.00,1969814.00,19692.00,1134.00
19.13,13261065.00,1971039.00,19704.00,1134.00
19.14,13280782.00,1972264.00,19717.00,1134.00
19.15,13300510.00,1973490.00,19729.00,1134.00
19.16,13320251.00,1974715.00,19741.00,1134.00
19.17,13340005.00,1975940.00,19753.00,1134.00
19.18,13359770.00,1977166.00,19766.00,1134.00
19.19,13379548.00,1978391.00,19778.00,1134.00
19.20,13399338.00,1979616.00,19790.00,1134.00
19.21,13419140.00,1980841.00,19802.00,1134.00
19.22,13438955.00,1982067.00,19815.00,1134.00
19.23,13458782.00,1983292.00,19827.00,1134.00
19.24,13478621.00,1984517.00,19839.00,1134.00
19.25,13498472.00,1985741.00,19851.00,1134.00
19.26,13518335.00,1986966.00,19864.00,1134.00
19.27,13538211.00,1988190.00,19876.00,1134.00
19.28,13558099.00,1989414.00,19888.00,1134.00
19.29,13578000.00,1990638.00,19900.00,1134.00
19.30,13597912.00,1991863.00,19913.00,1134.00
19.31,13617837.00,1993087.00,19925.00,1134.00
19.32,13637774.00,1994311.00,19937.00,1134.00
19.33,13657723.00,1995535.00,19949.00,1134.00
19.34,13677684.00,1996760.00,19961.00,1134.00
19.35,13697658.00,1997984.00,19974.00,1134.00
19.36,13717644.00,1999208.00,19986.00,1134.00
19.37,13737642.00,2000432.00,19998.00,1134.00
19.38,13757653.00,2001656.00,20010.00,1134.00
19.39,13777675.00,2002881.00,20023.00,1134.00
19.40,13797710.00,2004105.00,20035.00,1134.00
19.41,13817758.00,2005329.00,20047.00,1134.00
19.42,13837817.00,2006553.00,20059.00,1134.00
19.43,13857889.00,2007778.00,20072.00,1134.00
19.44,13877973.00,2009002.00,20084.00,1134.00
19.45,13898069.00,2010226.00,20096.00,1134.00
19.46,13918177.00,2011450.00,20108.00,1134.00
19.47,13938298.00,2012675.00,20121.00,1134.00
19.48,13958431.00,2013899.00,20133.00,1134.00
19.49,13978576.00,2015123.00,20145.00,1134.00
19.50,13998733.00,2016346.00,20157.00,1134.00
19.51,14018903.00,2017569.00,20170.00,1134.00
19.52,14039084.00,2018792.00,20182.00,1134.00
19.53,14059278.00,2020015.00,20194.00,1134.00
19.54,14079485.00,2021238.00,20206.00,1134.00
19.55,14099703.00,2022461.00,20218.00,1134.00
19.56,14119934.00,2023683.00,20231.00,1134.00
19.57,14140177.00,2024906.00,20243.00,1134.00
19.58,14160432.00,2026129.00,20255.00,1134.00
19.59,14180699.00,2027352.00,20267.00,1134.00
19.60,14200979.00,2028575.00,20280.00,1134.00
19.61,14221271.00,2029798.00,20292.00,1134.00
19.62,14241575.00,2031021.00,20304.00,1134.00
19.63,14261891.00,2032244.00,20316.00,1134.00
19.64,14282220.00,2033467.00,20329.00,1134.00
19.65,14302561.00,2034690.00,20341.00,1134.00
19.66,14322914.00,2035913.00,20353.00,1134.00
19.67,14343279.00,2037135.00,20365.00,1134.00
19.68,14363656.00,2038358.00,20377.00,1134.00
19.69,14384046.00,2039581.00,20390.00,1134.00
19.70,14404448.00,2040804.00,20402.00,1134.00
19.71,14424862.00,2042027.00,20414.00,1134.00
19.72,14445289.00,2043250.00,20426.00,1134.00
19.73,14465727.00,2044473.00,20439.00,1134.00
19.74,14486178.00,2045696.00,20451.00,1135.00
19.75,14506645.00,2047766.00,20467.00,1135.00
19.76,14527133.00,2049836.00,20488.00,1135.00
19.77,14547642.00,2051907.00,20509.00,1135.00
19.78,14568171.00,2053977.00,20529.00,1135.00
19.79,14588722.00,2056047.00,20550.00,1135.00
19.80,14609292.00,2058118.00,20571.00,1135.00
19.81,14629884.00,2060188.00,20592.00,1135.00
19.82,14650496.00,2062258.00,20612.00,1135.00
19.83,14671129.00,2064328.00,20633.00,1135.00
19.84,14691783.00,2066399.00,20654.00,1135.00
19.85,14712457.00,2068469.00,20674.00,1135.00
19.86,14733152.00,2070539.00,20695.00,1135.00
19.87,14753868.00,2072609.00,20716.00,1135.00
19.88,14774604.00,2074680.00,20736.00,1135.00
19.89,14795361.00,2076750.00,20757.00,1135.00
19.90,14816139.00,2078820.00,20778.00,1135.00
19.91,14836938.00,2080891.00,20799.00,1135.00
19.92,14857757.00,2082961.00,20819.00,1135.00
19.93,14878597.00,2085031.00,20840.00,1135.00
19.94,14899458.00,2087101.00,20861.00,1135.00
19.95,14920339.00,2089172.00,20881.00,1135.00
19.96,14941241.00,2091242.00,20902.00,1135.00
19.97,14962164.00,2093312.00,20923.00,1135.00
19.98,14983107.00,2095383.00,20943.00,1135.00
19.99,15004072.00,2097453.00,20964.00,1135.00
20.00,15025053.00,2098724.00,20981.00,1135.00
20.01,15046046.00,2099996.00,20994.00,1135.00
20.02,15067052.00,2101267.00,21006.00,1135.00
20.03,15088071.00,2102539.00,21019.00,1135.00
20.04,15109103.00,2103810.00,21032.00,1135.00
20.05,15130148.00,2105082.00,21044.00,1135.00
20.06,15151205.00,2106353.00,21057.00,1135.00
20.07,15172275.00,2107625.00,21070.00,1135.00
20.08,15193357.00,2108896.00,21083.00,1135.00
20.09,15214453.00,2110168.00,21095.00,1135.00
20.10,15235561.00,2111439.00,21108.00,1135.00
20.11,15256681.00,2112711.00,21121.00,1135.00
20.12,15277815.00,2113982.00,21133.00,1135.00
20.13,15298961.00,2115254.00,21146.00,1135.00
20.14,15320120.00,2116525.00,21159.00,1135.00
20.15,15341292.00,2117797.00,21172.00,1135.00
20.16,15362476.00,2119068.00,21184.00,1135.00
20.17,15383673.00,2120340.00,21197.00,1135.00
20.18,15404883.00,2121611.00,21210.00,1135.00
20.19,15426105.00,2122883.00,21222.00,1135.00
20.20,15447340.00,2124154.00,21235.00,1135.00
20.21,15468588.00,2125426.00,21248.00,1135.00
20.22,15489849.00,2126697.00,21261.00,1135.00
20.23,15511122.00,2127969.00,21273.00,1135.00
20.24,15532408.00,2129240.00,21286.00,1135.00
20.25,15553707.00,2130503.00,21299.00,1135.00
20.26,15575018.00,2131766.00,21311.00,1135.00
20.27,15596342.00,2133028.00,21324.00,1135.00
20.28,15617679.00,2134291.00,21337.00,1135.00
20.29,15639028.00,2135554.00,21349.00,1135.00
20.30,15660390.00,2136817.00,21362.00,1135.00
20.31,15681764.00,2138080.00,21374.00,1135.00
20.32,15703152.00,2139343.00,21387.00,1135.00
20.33,15724551.00,2140605.00,21400.00,1135.00
20.34,15745964.00,2141868.00,21412.00,1135.00
20.35,15767389.00,2143131.00,21425.00,1135.00
20.36,15788826.00,2144394.00,21438.00,1135.00
20.37,15810277.00,2145657.00,21450.00,1135.00
20.38,15831739.00,2146920.00,21463.00,1135.00
20.39,15853215.00,2148182.00,21476.00,1135.00
20.40,15874703.00,2149445.00,21488.00,1135.00
20.41,15896204.00,2150708.00,21501.00,1135.00
20.42,15917717.00,2151971.00,21513.00,1135.00
20.43,15939243.00,2153234.00,21526.00,1135.00
20.44,15960782.00,2154497.00,21539.00,1135.00
20.45,15982333.00,2155759.00,21551.00,1135.00
20.46,16003897.00,2157022.00,21564.00,1135.00
20.47,16025474.00,2158285.00,21577.00,1135.00
20.48,16047063.00,2159548.00,21589.00,1135.00
20.49,16068665.00,2160811.00,21602.00,1135.00
20.50,16090279.00,2162065.00,21614.00,1135.00
20.51,16111906.00,2163319.00,21627.00,1135.00
20.52,16133545.00,2164574.00,21639.00,1135.00
20.53,16155197.00,2165828.00,21652.00,1135.00
20.54,16176862.00,2167082.00,21665.00,1135.00
20.55,16198539.00,2168336.00,21677.00,1135.00
20.56,16220229.00,2169591.00,21690.00,1135.00
20.57,16241931.00,2170845.00,21702.00,1135.00
20.58,16263646.00,2172099.00,21715.00,1135.00
20.59,16285373.00,2173354.00,21727.00,1135.00
20.60,16307113.00,2174608.00,21740.00,1135.00
20.61,16328865.00,2175862.00,21752.00,1135.00
20.62,16350630.00,2177116.00,21765.00,1135.00
20.63,16372407.00,2178371.00,21777.00,1135.00
20.64,16394197.00,2179625.00,21790.00,1135.00
20.65,16416000.00,2180879.00,21803.00,1135.00
20.66,16437815.00,2182133.00,21815.00,1135.00
20.67,16459642.00,2183388.00,21828.00,1135.00
20.68,16481483.00,2184642.00,21840.00,1135.00
20.69,16503335.00,2185896.00,21853.00,1135.00
20.70,16525201.00,2187151.00,21865.00,1135.00
20.71,16547078.00,2188405.00,21878.00,1135.00
20.72,16568969.00,2189659.00,21890.00,1135.00
20.73,16590871.00,2190913.00,21903.00,1135.00
20.74,16612787.00,2192168.00,21915.00,1136.00
20.75,16634718.00,2194152.00,21932.00,1136.00
20.76,16656670.00,2196136.00,21951.00,1136.00
20.77,16678641.00,2198120.00,21971.00,1136.00
20.78,16700632.00,2200104.00,21991.00,1136.00
20.79,16722643.00,2202088.00,22011.00,1136.00
20.80,16744674.00,2204072.00,22031.00,1136.00
20.81,16766725.00,2206056.00,22051.00,1136.00
20.82,16788795.00,2208040.00,22070.00,1136.00
20.83,16810885.00,2210024.00,22090.00,1136.00
20.84,16832996.00,2212008.00,22110.00,1136.00
20.85,16855126.00,2213992.00,22130.00,1136.00
20.86,16877275.00,2215976.00,22150.00,1136.00
20.87,16899445.00,2217960.00,22170.00,1136.00
20.88,16921635.00,2219944.00,22190.00,1136.00
20.89,16943844.00,2221928.00,22209.00,1136.00
20.90,16966073.00,2223912.00,22229.00,1136.00
20.91,16988322.00,2225896.00,22249.00,1136.00
20.92,17010591.00,2227880.00,22269.00,1136.00
20.93,17032880.00,2229864.00,22289.00,1136.00
20.94,17055188.00,2231848.00,22309.00,1136.00
20.95,17077517.00,2233832.00,22328.00,1136.00
20.96,17099865.00,2235816.00,22348.00,1136.00
20.97,17122233.00,2237800.00,22368.00,1136.00
20.98,17144621.00,2239785.00,22388.00,1136.00
20.99,17167029.00,2241769.00,22408.00,1136.00
21.00,17189455.00,2243442.00,22426.00,1136.00
21.01,17211898.00,2245116.00,22443.00,1136.00
21.02,17234357.00,2246789.00,22460.00,1136.00
21.03,17256834.00,2248463.00,22476.00,1136.00
21.04,17279327.00,2250136.00,22493.00,1136.00
21.05,17301836.00,2251809.00,22510.00,1136.00
21.06,17324363.00,2253483.00,22526.00,1136.00
21.07,17346906.00,2255156.00,22543.00,1136.00
21.08,17369466.00,2256830.00,22560.00,1136.00
21.09,17392043.00,2258503.00,22577.00,1136.00
21.10,17414636.00,2260177.00,22593.00,1136.00
21.11,17437246.00,2261850.00,22610.00,1136.00
21.12,17459873.00,2263524.00,22627.00,1136.00
21.13,17482517.00,2265197.00,22644.00,1136.00
21.14,17505177.00,2266871.00,22660.00,1136.00
21.15,17527854.00,2268544.00,22677.00,1136.00
21.16,17550548.00,2270218.00,22694.00,1136.00
21.17,17573258.00,2271891.00,22711.00,1136.00
21.18,17595986.00,2273565.00,22727.00,1136.00
21.19,17618730.00,2275238.00,22744.00,1136.00
21.20,17641490.00,2276912.00,22761.00,1136.00
21.21,17664268.00,2278585.00,22777.00,1136.00
21.22,17687062.00,2280259.00,22794.00,1136.00
21.23,17709873.00,2281932.00,22811.00,1136.00
21.24,17732701.00,2283606.00,22828.00,1136.00
21.25,17755546.00,2285480.00,22845.00,1136.00
21.26,17778410.00,2287354.00,22864.00,1136.00
21.27,17801293.00,2289228.00,22883.00,1136.00
21.28,17824195.00,2291102.00,22902.00,1136.00
21.29,17847115.00,2292976.00,22920.00,1136.00
21.30,17870054.00,2294851.00,22939.00,1136.00
21.31,17893012.00,2296725.00,22958.00,1136.00
21.32,17915989.00,2298599.00,22977.00,1136.00
21.33,17938984.00,2300473.00,22995.00,1136.00
21.34,17961998.00,2302347.00,23014.00,1136.00
21.35,17985031.00,2304221.00,23033.00,1136.00
21.36,18008083.00,2306095.00,23052.00,1136.00
21.37,18031153.00,2307969.00,23070.00,1136.00
21.38,18054242.00,2309844.00,23089.00,1136.00
21.39,18077350.00,2311718.00,23108.00,1136.00
21.40,18100477.00,2313592.00,23127.00,1136.00
21.41,18123622.00,2315466.00,23145.00,1136.00
21.42,18146786.00,2317340.00,23164.00,1136.00
21.43,18169969.00,2319214.00,23183.00,1136.00
21.44,18193170.00,2321088.00,23202.00,1136.00
21.45,18216390.00,2322963.00,23220.00,1136.00
21.46,18239629.00,2324837.00,23239.00,1136.00
21.47,18262887.00,2326711.00,23258.00,1136.00
21.48,18286164.00,2328585.00,23276.00,1136.00
21.49,18309459.00,2330459.00,23295.00,1136.00
21.50,18332774.00,2332534.00,23315.00,1136.00
21.51,18356109.00,2334610.00,23336.00,1136.00
21.52,18379466.00,2336685.00,23356.00,1136.00
21.53,18402843.00,2338761.00,23377.00,1136.00
21.54,18426241.00,2340836.00,23398.00,1136.00
21.55,18449660.00,2342912.00,23419.00,1136.00
21.56,18473099.00,2344987.00,23439.00,1136.00
21.57,18496560.00,2347063.00,23460.00,1136.00
21.58,18520041.00,2349138.00,23481.00,1136.00
21.59,18543542.00,2351213.00,23502.00,1136.00
21.60,18567065.00,2353289.00,23523.00,1136.00
21.61,18590608.00,2355364.00,23543.00,1136.00
21.62,18614172.00,2357440.00,23564.00,1136.00
21.63,18637757.00,2359515.00,23585.00,1136.00
21.64,18661363.00,2361591.00,23606.00,1136.00
21.65,18684989.00,2363666.00,23626.00,1136.00
21.66,18708636.00,2365741.00,23647.00,1136.00
21.67,18732304.00,2367817.00,23668.00,1136.00
21.68,18755992.00,2369892.00,23689.00,1136.00
21.69,18779701.00,2371968.00,23709.00,1136.00
21.70,18803432.00,2374043.00,23730.00,1136.00
21.71,18827182.00,2376119.00,23751.00,1136.00
21.72,18850954.00,2378194.00,23772.00,1136.00
21.73,18874746.00,2380269.00,23792.00,1136.00
21.74,18898559.00,2382345.00,23813.00,1137.00
21.75,18922386.00,2382997.00,23827.00,1137.00
21.76,18946219.00,2383649.00,23833.00,1137.00
21.77,18970059.00,2384300.00,23840.00,1137.00
21.78,18993905.00,2384952.00,23846.00,1137.00
21.79,19017758.00,2385604.00,23853.00,1137.00
21.80,19041617.00,2386256.00,23859.00,1137.00
21.81,19065483.00,2386908.00,23866.00,1137.00
21.82,19089355.00,2387560.00,23872.00,1137.00
21.83,19113234.00,2388211.00,23879.00,1137.00
21.84,19137120.00,2388863.00,23885.00,1137.00
21.85,19161012.00,2389515.00,23892.00,1137.00
21.86,19184910.00,2390167.00,23898.00,1137.00
21.87,19208815.00,2390819.00,23905.00,1137.00
21.88,19232726.00,2391470.00,23911.00,1137.00
21.89,19256644.00,2392122.00,23918.00,1137.00
21.90,19280569.00,2392774.00,23924.00,1137.00
21.91,19304500.00,2393426.00,23931.00,1137.00
21.92,19328437.00,2394078.00,23938.00,1137.00
21.93,19352381.00,2394730.00,23944.00,1137.00
21.94,19376332.00,2395381.00,23951.00,1137.00
21.95,19400289.00,2396033.00,23957.00,1137.00
21.96,19424253.00,2396685.00,23964.00,1137.00
21.97,19448223.00,2397337.00,23970.00,1137.00
21.98,19472199.00,2397989.00,23977.00,1137.00
21.99,19496182.00,2398641.00,23983.00,1137.00
22.00,19520179.00,2400670.00,23997.00,1137.00
22.01,19544196.00,2402699.00,24017.00,1137.00
22.02,19568233.00,2404729.00,24037.00,1137.00
22.03,19592290.00,2406758.00,24057.00,1137.00
22.04,19616368.00,2408788.00,24078.00,1137.00
22.05,19640466.00,2410817.00,24098.00,1137.00
22.06,19664585.00,2412847.00,24118.00,1137.00
22.07,19688723.00,2414876.00,24139.00,1137.00
22.08,19712882.00,2416906.00,24159.00,1137.00
22.09,19737061.00,2418935.00,24179.00,1137.00
22.10,19761261.00,2420965.00,24199.00,1137.00
22.11,19785481.00,2422994.00,24220.00,1137.00
22.12,19809721.00,2425023.00,24240.00,1137.00
22.13,19833981.00,2427053.00,24260.00,1137.00
22.14,19858262.00,2429082.00,24281.00,1137.00
22.15,19882563.00,2431112.00,24301.00,1137.00
22.16,19906884.00,2433141.00,24321.00,1137.00
22.17,19931225.00,2435171.00,24342.00,1137.00
22.18,19955587.00,2437200.00,24362.00,1137.00
22.19,19979969.00,2439230.00,24382.00,1137.00
22.20,20004372.00,2441259.00,24402.00,1137.00
22.21,20028795.00,2443288.00,24423.00,1137.00
22.22,20053238.00,2445318.00,24443.00,1137.00
22.23,20077701.00,2447347.00,24463.00,1137.00
22.24,20102185.00,2449377.00,24484.00,1137.00
22.25,20126689.00,2451590.00,24505.00,1137.00
22.26,20151216.00,2453803.00,24527.00,1137.00
22.27,20175766.00,2456016.00,24549.00,1137.00
22.28,20200337.00,2458229.00,24571.00,1137.00
22.29,20224930.00,2460442.00,24593.00,1137.00
22.30,20249546.00,2462655.00,24615.00,1137.00
22.31,20274183.00,2464867.00,24638.00,1137.00
22.32,20298843.00,2467080.00,24660.00,1137.00
22.33,20323525.00,2469293.00,24682.00,1137.00
22.34,20348229.00,2471506.00,24704.00,1137.00
22.35,20372955.00,2473719.00,24726.00,1137.00
22.36,20397703.00,2475932.00,24748.00,1137.00
22.37,20422474.00,2478145.00,24770.00,1137.00
22.38,20447266.00,2480358.00,24793.00,1137.00
22.39,20472081.00,2482571.00,24815.00,1137.00
22.40,20496918.00,2484784.00,24837.00,1137.00
22.41,20521776.00,2486997.00,24859.00,1137.00
22.42,20546657.00,2489210.00,24881.00,1137.00
22.43,20571561.00,2491423.00,24903.00,1137.00
22.44,20596486.00,2493636.00,24925.00,1137.00
22.45,20621433.00,2495849.00,24947.00,1137.00
22.46,20646403.00,2498062.00,24970.00,1137.00
22.47,20671395.00,2500275.00,24992.00,1137.00
22.48,20696408.00,2502488.00,25014.00,1137.00
22.49,20721444.00,2504701.00,25036.00,1137.00
22.50,20746503.00,2507096.00,25059.00,1137.00
22.51,20771586.00,2509492.00,25083.00,1137.00
22.52,20796693.00,2511888.00,25107.00,1137.00
22.53,20821824.00,2514283.00,25131.00,1137.00
22.54,20846979.00,2516679.00,25155.00,1137.00
22.55,20872158.00,2519075.00,25179.00,1137.00
22.56,20897360.00,2521470.00,25203.00,1137.00
22.57,20922587.00,2523866.00,25227.00,1137.00
22.58,20947838.00,2526262.00,25251.00,1137.00
22.59,20973112.00,2528657.00,25275.00,1137.00
22.60,20998411.00,2531053.00,25299.00,1137.00
22.61,21023733.00,2533449.00,25323.00,1137.00
22.62,21049080.00,2535844.00,25346.00,1137.00
22.63,21074450.00,2538240.00,25370.00,1137.00
22.64,21099845.00,2540636.00,25394.00,1137.00
22.65,21125263.00,2543031.00,25418.00,1137.00
22.66,21150705.00,2545427.00,25442.00,1137.00
22.67,21176171.00,2547823.00,25466.00,1137.00
22.68,21201662.00,2550218.00,25490.00,1137.00
22.69,21227176.00,2552614.00,25514.00,1137.00
22.70,21252714.00,2555010.00,25538.00,1137.00
22.71,21278276.00,2557405.00,25562.00,1137.00
22.72,21303862.00,2559801.00,25586.00,1137.00
22.73,21329472.00,2562197.00,25610.00,1137.00
22.74,21355106.00,2564592.00,25634.00,1138.00
22.75,21380807.00,2575561.00,25701.00,1138.00
22.76,21406617.00,2586529.00,25810.00,1138.00
22.77,21432537.00,2597498.00,25920.00,1138.00
22.78,21458567.00,2608466.00,26030.00,1138.00
22.79,21484707.00,2619435.00,26140.00,1138.00
22.80,21510956.00,2630404.00,26249.00,1138.00
22.81,21537315.00,2641372.00,26359.00,1138.00
22.82,21563783.00,2652341.00,26469.00,1138.00
22.83,21590361.00,2663309.00,26578.00,1138.00
22.84,21617049.00,2674278.00,26688.00,1138.00
22.85,21643847.00,2685246.00,26798.00,1138.00
22.86,21670754.00,2696215.00,26907.00,1138.00
22.87,21697771.00,2707183.00,27017.00,1138.00
22.88,21724898.00,2718152.00,27127.00,1138.00
22.89,21752134.00,2729120.00,27236.00,1138.00
22.90,21779480.00,2740089.00,27346.00,1138.00
22.91,21806936.00,2751058.00,27456.00,1138.00
22.92,21834502.00,2762026.00,27565.00,1138.00
22.93,21862177.00,2772995.00,27675.00,1138.00
22.94,21889961.00,2783963.00,27785.00,1138.00
22.95,21917856.00,2794932.00,27894.00,1138.00
22.96,21945860.00,2805900.00,28004.00,1138.00
22.97,21973974.00,2816869.00,28114.00,1138.00
22.98,22002197.00,2827837.00,28224.00,1138.00
22.99,22030531.00,2838806.00,28333.00,1138.00
23.00,22058928.00,2840693.00,28397.00,1138.00
23.01,22087345.00,2842580.00,28416.00,1138.00
23.02,22115780.00,2844467.00,28435.00,1138.00
23.03,22144234.00,2846354.00,28454.00,1138.00
23.04,22172707.00,2848242.00,28473.00,1138.00
23.05,22201199.00,2850129.00,28492.00,1138.00
23.06,22229709.00,2852016.00,28511.00,1138.00
23.07,22258239.00,2853903.00,28530.00,1138.00
23.08,22286788.00,2855790.00,28548.00,1138.00
23.09,22315355.00,2857677.00,28567.00,1138.00
23.10,22343941.00,2859564.00,28586.00,1138.00
23.11,22372546.00,2861452.00,28605.00,1138.00
23.12,22401170.00,2863339.00,28624.00,1138.00
23.13,22429813.00,2865226.00,28643.00,1138.00
23.14,22458475.00,2867113.00,28662.00,1138.00
23.15,22487155.00,2869000.00,28681.00,1138.00
23.16,22515855.00,2870887.00,28699.00,1138.00
23.17,22544573.00,2872774.00,28718.00,1138.00
23.18,22573310.00,2874661.00,28737.00,1138.00
23.19,22602066.00,2876549.00,28756.00,1138.00
23.20,22630841.00,2878436.00,28775.00,1138.00
23.21,22659635.00,2880323.00,28794.00,1138.00
23.22,22688448.00,2882210.00,28813.00,1138.00
23.23,22717279.00,2884097.00,28832.00,1138.00
23.24,22746129.00,2885984.00,28850.00,1138.00
23.25,22774999.00,2887867.00,28869.00,1138.00
23.26,22803887.00,2889749.00,28888.00,1138.00
23.27,22832794.00,2891631.00,28907.00,1138.00
23.28,22861719.00,2893514.00,28926.00,1138.00
23.29,22890664.00,2895396.00,28945.00,1138.00
23.30,22919627.00,2897278.00,28963.00,1138.00
23.31,22948610.00,2899161.00,28982.00,1138.00
23.32,22977611.00,2901043.00,29001.00,1138.00
23.33,23006630.00,2902925.00,29020.00,1138.00
23.34,23035669.00,2904808.00,29039.00,1138.00
23.35,23064727.00,2906690.00,29057.00,1138.00
23.36,23093803.00,2908572.00,29076.00,1138.00
23.37,23122898.00,2910455.00,29095.00,1138.00
23.38,23152012.00,2912337.00,29114.00,1138.00
23.39,23181145.00,2914219.00,29133.00,1138.00
23.40,23210296.00,2916102.00,29152.00,1138.00
23.41,23239467.00,2917984.00,29170.00,1138.00
23.42,23268656.00,2919866.00,29189.00,1138.00
23.43,23297864.00,2921749.00,29208.00,1138.00
23.44,23327091.00,2923631.00,29227.00,1138.00
23.45,23356337.00,2925513.00,29246.00,1138.00
23.46,23385601.00,2927396.00,29265.00,1138.00
23.47,23414885.00,2929278.00,29283.00,1138.00
23.48,23444187.00,2931161.00,29302.00,1138.00
23.49,23473508.00,2933043.00,29321.00,1138.00
23.50,23502848.00,2935019.00,29340.00,1138.00
23.51,23532208.00,2936995.00,29360.00,1138.00
23.52,23561588.00,2938971.00,29380.00,1138.00
23.53,23590988.00,2940948.00,29400.00,1138.00
23.54,23620407.00,2942924.00,29419.00,1138.00
23.55,23649846.00,2944900.00,29439.00,1138.00
23.56,23679305.00,2946876.00,29459.00,1138.00
23.57,23708784.00,2948852.00,29479.00,1138.00
23.58,23738282.00,2950828.00,29498.00,1138.00
23.59,23767800.00,2952805.00,29518.00,1138.00
23.60,23797338.00,2954781.00,29538.00,1138.00
23.61,23826896.00,2956757.00,29558.00,1138.00
23.62,23856473.00,2958733.00,29577.00,1138.00
23.63,23886071.00,2960709.00,29597.00,1138.00
23.64,23915687.00,2962685.00,29617.00,1138.00
23.65,23945324.00,2964662.00,29637.00,1138.00
23.66,23974981.00,2966638.00,29656.00,1138.00
23.67,24004657.00,2968614.00,29676.00,1138.00
23.68,24034353.00,2970590.00,29696.00,1138.00
23.69,24064069.00,2972566.00,29716.00,1138.00
23.70,24093804.00,2974543.00,29736.00,1138.00
23.71,24123560.00,2976519.00,29755.00,1138.00
23.72,24153335.00,2978495.00,29775.00,1138.00
23.73,24183130.00,2980471.00,29795.00,1138.00
23.74,24212944.00,2982447.00,29815.00,1139.00
23.75,24242777.00,2984217.00,29833.00,1139.00
23.76,24272628.00,2985987.00,29851.00,1139.00
23.77,24302497.00,2987756.00,29869.00,1139.00
23.78,24332384.00,2989526.00,29886.00,1139.00
23.79,24362288.00,2991296.00,29904.00,1139.00
23.80,24392209.00,2993065.00,29922.00,1139.00
23.81,24422149.00,2994835.00,29940.00,1139.00
23.82,24452106.00,2996605.00,29957.00,1139.00
23.83,24482081.00,2998374.00,29975.00,1139.00
23.84,24512074.00,3000144.00,29993.00,1139.00
23.85,24542084.00,3001914.00,30010.00,1139.00
23.86,24572112.00,3003683.00,30028.00,1139.00
23.87,24602158.00,3005453.00,30046.00,1139.00
23.88,24632221.00,3007223.00,30063.00,1139.00
23.89,24662302.00,3008992.00,30081.00,1139.00
23.90,24692401.00,3010762.00,30099.00,1139.00
23.91,24722517.00,3012532.00,30116.00,1139.00
23.92,24752652.00,3014301.00,30134.00,1139.00
23.93,24782803.00,3016071.00,30152.00,1139.00
23.94,24812973.00,3017841.00,30170.00,1139.00
23.95,24843160.00,3019611.00,30187.00,1139.00
23.96,24873365.00,3021380.00,30205.00,1139.00
23.97,24903588.00,3023150.00,30223.00,1139.00
23.98,24933828.00,3024920.00,30240.00,1139.00
23.99,24964086.00,3026689.00,30258.00,1139.00
24.00,24994358.00,3027672.00,30272.00,1139.00
24.01,25024640.00,3028654.00,30282.00,1139.00
24.02,25054931.00,3029636.00,30291.00,1139.00
24.03,25085232.00,3030619.00,30301.00,1139.00
24.04,25115543.00,3031601.00,30311.00,1139.00
24.05,25145864.00,3032584.00,30321.00,1139.00
24.06,25176195.00,3033566.00,30331.00,1139.00
24.07,25206536.00,3034549.00,30341.00,1139.00
24.08,25236886.00,3035531.00,30350.00,1139.00
24.09,25267246.00,3036513.00,30360.00,1139.00
24.10,25297616.00,3037496.00,30370.00,1139.00
24.11,25327996.00,3038478.00,30380.00,1139.00
24.12,25358386.00,3039461.00,30390.00,1139.00
24.13,25388785.00,3040443.00,30400.00,1139.00
24.14,25419195.00,3041425.00,30409.00,1139.00
24.15,25449614.00,3042408.00,30419.00,1139.00
24.16,25480043.00,3043390.00,30429.00,1139.00
24.17,25510482.00,3044373.00,30439.00,1139.00
24.18,25540930.00,3045355.00,30449.00,1139.00
24.19,25571389.00,3046337.00,30458.00,1139.00
24.20,25601857.00,3047320.00,30468.00,1139.00
24.21,25632335.00,3048302.00,30478.00,1139.00
24.22,25662823.00,3049285.00,30488.00,1139.00
24.23,25693321.00,3050267.00,30498.00,1139.00
24.24,25723829.00,3051249.00,30508.00,1139.00
